"Genes","GeneIDs","PMID","PMCID","Sentences"
"Caspase-1",834,22295871,3330824,"Caspase-1 was the first of a novel type of cysteine protease responsible for converting interleukin-1β to its mature form in monocytes.;  Caspase-1, also known as interleukin-1 converting enzyme (ICE), is responsible for the activation of IL-1β and IL-18 from precursor molecules.9 Caspase-1 is activated upon binding to the inflammasome, a multiprotein complex that plays a key role in innate immunity by activating the proinflammatory pleiotropic cytokines interleukin 1-β and IL-18.9 There is a strong correlation between dysregulated inflammasome activity and both inherited and acquired inflammatory diseases.9; Caspase-1 inhibitors have been proposed as potential therapies for the above mentioned cancers, as well as osteoarthritis and rheumatoid arthritis,32–33 Alzheimer's disease,19 amyotrophic lateral sclerosis9 and brain and nerve trauma.34–35; Caspase-1 is also down-regulated in many solid tumor cancers and activation of caspase-1 in prostate cancer and ovarian cancer may be required for apoptotic breakdown of tumors.;  Caspase-1 inhibition was determined in a fluorometric assay normalized to 1.00, where 0 is total enzyme inhibition and 1.00 is lack of enzyme inhibition."
"caspase-1",834,22295871,3330824," The compounds were isolated either for their inhibition of the signal transduction enzyme caspase-1 or because of their structural similarity to these inhibitors.;  We routinely target the enzymes matrix metalloproteinase-3 (MMP-3), caspase-1 and caspase-3.;  The lead compounds presented in this manuscript were isolated because of their ability to inhibit caspase-1.; Several researchers have demonstrated that caspase-1 inhibitors have shown promise in delaying the onset of Huntington's disease10 and amyotropic lateral sclerosis,11 and in mitigating the effects of stroke12 and multiple sclerosis.13, 14 All of these diseases exhibit autoimmune phenomena.; The up-regulation of caspase-1 and concomitant chronic inflammation has been associated with a number of different pathologies including the development of insulin resistance in obesity related diabetes,16 degeneration of retinal capillaries associated with diabetes and galactosemia,17 the demyelination of neurons in multiple sclerosis,11,18 and the formation of amyloid plaques in Alzheimer's disease.19 High levels of caspase-1 and interleukin-1β have been found in certain cancers20 by many different researchers: acute myelogenous leukemia,21 melanoma,22–23 certain glioblastomas24–25 and pancreatic cancers,26–29 certain breast cancers,30 and human cancer xenografts31 all of which may be exacerbated by chronic inflammation associated with activation of the inflammasome.; Caspase-1 is also down-regulated in many solid tumor cancers and activation of caspase-1 in prostate cancer and ovarian cancer may be required for apoptotic breakdown of tumors.;  The development of new caspase-1 inhibitors will not only provide potential chemotherapeutics but will also provide tools for the investigation of the intricacies of signal transduction.;  This organic extract was active in all three enzyme inhibition assays, although in this study we focused on the caspase-1 inhibitors.; Compounds 1, 2, 4, and 6–9 were evaluated for their ability to inhibit caspase-1 in vitro, and the most active compounds and closely related analogues were evaluated for their ability to inhibit the production of interleukin 1-β in THP-1 cells (pro-monocytic leukemia cell line).;  Both berkazaphilone B (2) and C (4) had IC100 values of 25 μM against caspase-1, while berkazaphilone A (1), penisimplicissin (8), and compound 9 were completely inhibitory at a concentration of 250 μM.;  It was interesting to note that in several microarray experiments caspase-1 was upregulated almost exclusively in different leukemia cell lines.53–56;  This extract demonstrated inhibition of caspase-1 and MMP-3, antimicrobial activity against Staphylococcus aureus and Escherichia coli, and brine shrimp lethality.;  The resulting cell pellet was suspended at 1.0 × 106 cells/mL and exposed to caspase-1 inhibitors at concentrations described below (0.5%–0.005%), LPS [20ng/mL] and TiO2 nanowires (100 μg/mL)."
"interleukin-1beta",3553,22295871,3330824,""
"L-1",16728,28045976,5207672," The lake water had a high level of dissolved matter and high alkalinity (10.6–14.5 g L-1 eq.;  The phytoplankton biomass was very high, with a total chlorophyll a concentration of 524 to 875 μg chl a L-1 depending on the survey, homogeneously distributed from surface to bottom (4 m).;  Heterotrophic bacterioplankton was extremely abundant, with cell densities up to 1.5 108 cells mL-1 in the whole water column.;  Measurements were converted to mg O2 L-1 as described in [22], correcting for temperature and salinity.; 
where [chl a] is the concentration of chlorophyll a in the ethanol extract in μg mL-1 and A665 and A750 are the absorbance readings at 665 nm and 750 nm, respectively, for a 1 cm path optical glass cuvette.; Water samples were inoculated on Z8 medium [41] supplemented with salt (NaCl 20 g L-1), in liquid and solid medium (7 g L-1 of agar).; (A) Temperature (°C, black diamonds), salinity (psu, blue squares) and dissolved oxygen concentration (mg L-1, red circles) are given for CLB station of Dziani Dzaha Lake in 2010 (closed symbols) and 2011 (open symbols). (B) Box-plot of temperature record at four selected depths during the two surveys (n = 2400). (C) Box-plot of all conductivity records during the two surveys (n = 370 for 2010; n = 252 for 2011).;  The alkalinity is high, with levels comprised between 10.6 and 14.5 g L-1 eq.; Dissolved anions, cations (mg L-1), and total alkalinity TAL (mg L-1 eq.; Ward’s method clustering based on the records of the six major dissolved elements (Na+, K+, Mg2+, Ca2+, SO42-, Cl-) expressed as mg L-1, and total alkalinity expressed as mg L-1 eq.CO32-.; The total chlorophyll a concentration in Dziani Dzaha was extremely high, mainly around 524 μg chl a L-1 during the 2010 survey and 875 μg chl a L-1 in 2011 (n = 74), with a uniform vertical distribution (Fig 4A).;  Without outliers, the mean values were 685±66 μg chl a L-1 in 2010 and 702 ± 48 μg chl a L-1 in 2011.;  There was only one exception on Sep. 29th, 2011, when the surface values dropped to 175 μg chl a L-1 with the concentration reaching 2470 μg chl a L-1 just above the sediment (outliers in Fig 4A and 4B).;  At 31°C and 52 psu, the oxygen saturation corresponded to a concentration of 5.6 mg O2 L-1 in the top 50 cm layer, and the dissolved oxygen never dropped far below this value even at night time.;  Linear regression of dark records gave a respiration rate of between -0.93±0.024 mg O2 L-1 h-1 and -0.59±0.012 mg O2 L-1 h-1 depending on the depth and day considered (Table 3), whereas the apparent in situ net production during the first three hours of the day varied between 1.19±0.06 mg O2 L-1 h-1 and 3.59±0.2 mg O2 L-1 h-1.; Using α, β and Pmax derived from PSOE curves, the daily oxygen production was calculated using the method described in [49]. Using the input values listed in Table 4 for PSOE, a constant [chl a] of 612 μg L-1 over the whole well-lit layer (mean of 2011 values excluding outliers), the averaged light measurements at a depth of 0.3 m (mean of 10 days, n = 720 for daytime periods) and a PAR attenuation coefficient Kd = 6.79 m-1, the instantaneous O2 gross production was calculated for 10 min intervals at a 10 cm resolution, giving a GPP of 19.4 g O2 m-2 d-1 (Table 3).;  Assuming a constant mean respiration rate, for the whole period, equal to 0.6 mg O2 L-1 h-1 calculated from incubations in bottles in the dark, the resulting net production was 8 g O2 m-2 d-1 (Table 3).;  No significant differences were found in the total bacterial cell counts between days of year, years or sampling depths, with an average density over the whole survey of 1.38 x 108 cells mL-1 (SD = 22.4%, n = 77, Fig 7B).; Dissolved organic carbon concentrations were relatively homogeneous on the water column, with a mean of 77.5 mg L-1 (n = 11) in 2010 and 66,6 mg L-1 (n = 25) in 2011, and C:N ratio for dissolved organic matter enriched in carbon relative to particulate matter (Table 7).;  Assuming a mean total particulate carbon of 35 mg C L-1 (Table 5) and a total photosynthetic carbon biomass of 140 g C m-2 for a 4 m deep water column, a daily production of 8.3 g C m-2 d-1 represented only 6% of the total stock.;  A mean abundance of 1.38 x 108 cells mL-1 is much higher than in other aquatic ecosystems (estuaries, lakes and oceans), where values generally range from 1.4 105 to 1.6 107 cells mL-1 [63]. Flow cytometry did not clearly discriminated bacterial populations during the two surveys, except for the mean ratio of high to low DNA cells that differed in 2010 and 2011 by a factor of three."
"mL-1",16728,28045976,5207672," Heterotrophic bacterioplankton was extremely abundant, with cell densities up to 1.5 108 cells mL-1 in the whole water column.; 
where [chl a] is the concentration of chlorophyll a in the ethanol extract in μg mL-1 and A665 and A750 are the absorbance readings at 665 nm and 750 nm, respectively, for a 1 cm path optical glass cuvette.;  No significant differences were found in the total bacterial cell counts between days of year, years or sampling depths, with an average density over the whole survey of 1.38 x 108 cells mL-1 (SD = 22.4%, n = 77, Fig 7B).;  A mean abundance of 1.38 x 108 cells mL-1 is much higher than in other aquatic ecosystems (estuaries, lakes and oceans), where values generally range from 1.4 105 to 1.6 107 cells mL-1 [63]. Flow cytometry did not clearly discriminated bacterial populations during the two surveys, except for the mean ratio of high to low DNA cells that differed in 2010 and 2011 by a factor of three."
"Ndh-2",1660,37577439,10416648," Within this data set we revealed a full oxidative phosphorylation pathway as well as an alternative NADH dehydrogenase type II (Ndh-2) and a microaerophilic cytochrome oxidase ba3.;  The integral membrane protein NADH dehydrogenase type I (Ndh-1) was detectable, as was the peripheral membrane protein NADH dehydrogenase type II (Ndh-2) (Godoy-Hernandez et al., 2019; Godoy-Hernandez and McMillan, 2021; Juergens et al., 2021).; Besides the expected aerobic ETC, somewhat surprisingly, ETC components that have been proposed to be more tuned toward a microaerophilic lifestyle, Ndh-2 and cytochrome oxidase ba3, were expressed under aerobic conditions.;  The detection of Ndh-2 is in line with earlier research on this enzyme in C. thermarum TA2.A1, where it has been studied as a potential analog for drug targets (Heikal et al., 2014; Godoy-Hernandez et al., 2019; Godoy-Hernandez and McMillan, 2021).; The entire optimal ETC was detected using the combined methods for analysis, as well as two less efficient proteins – the Ndh-2 as an “alternative Complex I” (Biagini et al., 2006; Elguindy and Nakamaru-Ogiso, 2015) and the cytochrome oxidase ba3 as an alternative Complex IV."
"PH",5053,27276261,4906265,"This work explores the proton/hydroxide permeability (PH+/OH−) of membranes that were made of synthetic extremophile-inspired phospholipids with systematically varied structural elements.;  A fluorescence-based permeability assay was optimized to determine the effects on the PH+/OH− through liposome membranes with variations in the following lipid attributes: transmembrane tethering, tether length, and the presence of isoprenoid methyl groups on one or both lipid tails.;  All permeability assays were performed in the presence of a low concentration of valinomycin (10 nM) to prevent buildup of a membrane potential without artificially increasing the measured PH+/OH−. Surprisingly, the presence of a transmembrane tether did not impact PH+/OH− at room temperature.;  Among tethered lipid monolayers, PH+/OH− increased with increasing tether length if the number of carbons in the untethered acyl tail was constant.;  Untethered lipids with two isoprenoid methyl tails led to lower PH+/OH− values than lipids with only one or no isoprenoid tails.;  Whatever the mechanism, the permeation of protons or hydroxide ions is conventionally described by a permeability coefficient, PH+/OH−, in units of cm s−1, defined by Fick’s law (Eq. 1):; where J (mol m−2 s−1) is the inward flux of solute across the membrane, PH+/OH− (m s−1) is the permeability of the membrane, and ΔC (mol m−3) is the concentration gradient across the membrane.; Widely varying values of PH+/OH− have been observed both between and within laboratories.;  Reported PH+/OH− values for membranes composed of the lipid 1-palmitoyl-2-oleoyl-sn-glycero-3-phosphocholine (POPC), for example, include values on the order of 10−1 cm s−1 (21), 10−2 cm s−1 (22), 10−5 cm s−1 (23), and 10−7 cm s−1 (24, 25); these disparate values were all similarly obtained by subjecting liposomes to a stepwise ΔpH and observing proton flux over time.;  Recommendations such as this are sensible; there is a clear need for a standard, well-defined assay for permeation of H+/OH− across membranes so that PH+/OH− values obtained by different groups can be compared.;  However, Kuyper et al. analyzed H+/OH− permeation across hundreds of single vesicles in parallel and observed a high degree of variation in PH+/OH− between liposomes in the same experiment without observing correlation with liposome size or any other observable parameter, indicating that broad distributions of PH+/OH− values may be unavoidable (24).; In an attempt to obtain consistent readings of this notoriously fickle parameter, we have optimized an established liposome-based assay for PH+/OH− developed by Paula et al. that tracks the fluorescence decay of an encapsulated pH-sensitive dye in response to a step change in the external pH (19).; To make this study possible, we synthesized a series of extremophile-inspired lipids composed of two glycerophosphocholine heads connected by a membrane-spanning n-alkyl tether with each head ether-bonded to a phytanyl chain (T28, T32, and T36 (Fig. 1, A–C)), as well as several untethered lipids (U16, 1,2-di-O-phytanyl-sn-glycero-3-phosphocholine (Di-O-PhyPC), 1,2-diphytanoyl-sn-glycero-3-phosphocholine (DiPhyPC), and POPC (Fig. 1, D–G)) to seek answers to our questions about structure-permeability relationships of liposomes from pure lipid preparations at room temperature: First, how does the presence of a single tether between two lipid headgroups affect PH+/OH− compared to the absence of a tether? Second, how does the length of the tether affect H+/OH− permeability when the lengths of the untethered phytanyl chains are kept constant at 16 carbons? And third, how does the PH+/OH− of an untethered lipid with a repeating isoprenoid methyl motif on one of its tails compare to that of a lipid with the methyl groups on both tails?; where [H+]f,o is the exterior proton concentration during the main decay phase, obtained from the pH measured after nigericin is added; A1 (mol m−3), A2 (unitless), x1 (mol m−3), x2 (mol m−3), y1 (mol m−3), and y2 (unitless) are the empirical fitting parameters from the calibration fits (Fig. 2, B and C, explained in Calculation); C (mol m−3) is a constant of integration; PH+/OH− (m s−1) is the H+/OH− permeability; r (m) is the most probable liposome radius as determined by DLS; and t (s) is time.;  The parameters C and PH+/OH− are allowed to vary during fitting.;  The permeability values we obtained for membranes from POPC and DiPhyPC lipids (Table 1) are in reasonable agreement with some literature values reported for POPC, PH+/OH− = 7 × 10−5 cm/s (23), and for DiPhyPC, PH+/OH− = 4.0 × 10−6 cm/s (40) and 7.0 × 10−6 cm/s (41).; Except in the case of bending rigidity and PH+/OH− (last two columns), values are expressed as the mean ± SE.;  Our goal was to find a range in which liposomes would exhibit PH+/OH− values higher than in the absence of valinomycin, indicating that the buildup of a membrane potential accompanying H+ diffusion was being successfully prevented via K+ diffusion, but in which PH+/OH− was independent of the valinomycin concentration, since a positive dependence would indicate protonophoric activity.;  As valinomycin is poorly soluble in water, we added it to liposome solutions via concentrated aliquots in DMSO; the resulting plot of PH+/OH− versus valinomycin concentration is shown in Fig. 3.;  We chose DMSO as a solvent rather than ethanol (used in Paula et al. (19)), because DMSO has a smaller effect on PH+/OH− (Fig. 3, leftmost data points).;  The H+/OH− permeability increased from the baseline value after the addition of just 10 fM valinomycin and plateaued with increasing valinomycin concentrations until a point of inflection was reached around 100 nM, at which point PH+/OH− began to increase dramatically in the presence of more valinomycin.; Valinomycin concentrations up to 10−7 M prevent membrane potential buildup without causing an increase in PH+/OH−. Before the axis break, points represent PH+/OH− after the addition of the solvent vehicle only as indicated by the symbols: red squares, 2.66 μL DMSO; brown circle, 1.33 μL ethanol; orange diamond, 2.66 μL ethanol; pink triangles, no solvent.; We explored the effect of transmembrane tethering, tether length, and the presence of isoprenoid methyl groups on one or both lipid tails on the PH+/OH− values through liposomes formed from a series of synthetic lipids with small systematic structural variations.; Box-and-whisker plots showing PH+/OH− values gathered from seven different lipids.; The PH+/OH− permeability results from the lipids T28, T32, and T36 indicate that liposome membranes become more permeable to protons as tether length increases if the length of the untethered acyl chain is kept constant (Table 1).;  A Tukey honest significant difference test comparing the log-transformed PH+/OH− values of these three lipids found the mean H+/OH− permeability of liposomes composed of T28 lipids to be significantly smaller (p = 0.01) than that of T36 liposomes.;  As in prior research studies (19), we used log-transformed values for all statistical comparisons, because the populations of measured PH+/OH− values failed tests of homogeneity of variance (Levene’s, p = 0.002; Brown-Forsythe, p = 0.02) unless the values were log-transformed (Levene’s, p = 0.72; Brown-Forsythe, p = 0.75).;  In the tethered lipids, the two untethered phytanyl chains have a combined length of 32 methylene groups—four carbons longer than the T28 tether and four carbons shorter than the T36 tether; the differences in PH+/OH− may be attributable to increased hydrocarbon crowding in T28 and the presence of a “gap” in T36.;  Quantifying the entry of water molecules into the hydrophobic core in all six simulated membranes (including three untethered lipids, Table 2) revealed that log PH+/OH− correlated with the total number of water molecules that spontaneously entered the membrane over 50 ns (Pearson coefficient, r = 0.86; p = 0.027).;  A better correlation was found between log PH+/OH− and the number of observations with at least three water molecules residing anywhere in the hydrophobic core of the membrane (Pearson coefficient, r = 0.99; p = 0.0003; Fig. 5
A).; Water within the hydrophobic region is predictive of log PH+/OH−. (A) Correlation plot of log PH+/OH− as a function of the number of times at least three water molecules simultaneously occupied the hydrophobic region anywhere in the lipid membrane over the course of a 50 ns MD simulation.;  The solid line is the best fit to a straight line; dotted lines show the 95% confidence interval from the fit. (B) Correlation plot of log PH+/OH− as a function of the number of times a water cluster appeared in the hydrophobic region of the lipid membrane over the course of a 50 ns MD simulation.;  To observe the effects of tethering, we compared PH+/OH− values from membranes composed of U16 and T32, since T32’s structure is identical to two U16 lipids bonded together at the terminal carbons of their unbranched chains (Fig. 1, B and D).;  A two-tailed Student’s t-test comparing the log-transformed permeability values of T32 and U16 vesicles (Table 1) showed that they were not significantly different (p = 0.46); the spread of the U16 PH+/OH− values fell entirely within the spread of the T32 PH+/OH− values.;  Komatsu and Chong found that the H+/OH− permeability of doubly tethered lipids isolated from Sulfolobus acidocaldarius was relatively invariant with respect to temperature from 25 to 80°C, whereas PH+/OH− values from standard (untethered) eggPC lipids increased dramatically with increasing temperature.;  The PH+/OH− values from the two membrane compositions were comparable at room temperature but diverged greatly at higher temperatures (63).; Based on a two-tailed Student’s t-test comparing log-transformed PH+/OH− values, the mean permeability of liposomes from Di-O-PhyPC lipids was lower (p = 0.059) than that from U16 lipids (Table 1).;  This variability, seen both in this work and in the literature (8, 16, 21, 25, 37, 41, 64, 65), represents a limitation of the usefulness of PH+/OH− data (24, 26).;  We have attempted to identify and minimize potential sources of variation inherent in the process of gathering PH+/OH− values, and we present a detailed discussion on this topic in Section S2 of the Supporting Material.;  The lipid T32, which was tethered by a straight 32-carbon chain, produced membranes with PH+/OH− values similar to those of membranes composed of its untethered equivalent, U16, revealing that tethering does not affect PH+/OH− at room temperature.;  However, PH+/OH− values among tethered lipid membranes increased with increasing tether length if the number of carbons in the untethered acyl tail was constant."
"PIP1",856754,34256694,8278772," Furthermore, one of PIP1 gene, CrPIP1;5, was identified as functional using a yeast expression system and transgenic overexpression in Arabidopsis.;  Additionally, a single plasma membrane intrinsic protein gene, CrPIP1;5, was functionally identified using heterogeneous transgenic assays.;  These genes included CrPIP1;5, CrPIP2;2, CrPIP2;3, and CrPIP2;5 (Fig. 6).;  Under high salt stress, CrPIP1;2 showed all induced expression patterns in roots, vines, and leaves, while CrPIP1;1, CrPIP1;3, CrPIP1;4, CrPIP2;1, and CrPIP2;6 showed elevated expression in vine and leaf, and their expression was downregulated in roots.;  The genes CrPIP1;2, CrPIP1;3, CrPIP1;4, CrPIP1;5, CrPIP2;1, CrPIP2;4, CrPIP2;5, and CrPIP2;6 were downregulated in root, while CrPIP1;1, CrPIP1;2, CrPIP2;4, and CrPIP2;5 were slightly upregulated in aerial tissues.;  High osmotic stress increased the expression of CrPIP1;1, CrPIP2;4, and CrPIP2;6, and the ABA treatment increased the expression of CrPIP1;2, CrPIP1;4, CrPIP2;1, and CrPIP2;6 (Fig. 6).; Quantitative RT-PCR detection of the expression levels of the 11 CrPIPs responding to different stresses (600 mM NaCl, 150 mM NaHCO3, 300 mM mannitol, and 100 mM ABA) in C. rosea seedling plants. a 5 CrPIP1s. b 6 CrPIP2s.; A previous study indicated that plant PIP1 and PIP2 members can associate together in heterodimers and tetramers [35]. In our previous study, we have functional identified a C. rosea PIP2 gene, CrPIP2;3, being involved in drought tolerance in transgenic plant [36]. CrPIP1;5 and CrPIP2;3 were both initially isolated from C. rosea cDNA library, and these two members showed much higher expression level in different tissues of C. rosea than other CrAQPs (Fig. 5a), which might indicate their relative importance of maintaining water balance in vivo.;  In this study we analyzed two PIP members, CrPIP1;5 and CrPIP2;3, to confirm that CrAQPs could form homodimers or heterodimers.;  To explore CrPIP1;5-CrPIP2;3 interactions, a series of DNA constructs were prepared for a yeast two-hybrid assay (Fig. 7a).;  Both CrPIP1;5 and CrPIP2;3 did not self-activate, but both can form homodimers through direct interactions with themselves(Fig. 7b).;  Furthermore, CrPIP1;5 and CrPIP2;3 can interact with each other (Fig. 7c).; Homodimer or Heterodimer of the CrPIP1; 5 and the CrPIP2;3 detection by yeast two-hybrid assay. a Maps of different constructs. b Both the CrPIP1;5 and the CrPIP2;3 showed self-interacting. c The CrPIP1;5 and the CrPIP2;3 could interact each other; We performed functional identification of CrPIP1;5 using a yeast expression system, constructing with a CrPIP1;5-pYES-DEST52 recombinant vector (Fig. 8a).;  As seen in Fig. 8b, W303 transformed with either CrPIP1;5 or pYES2 developed normally and did not differ in growth rate from the SDG control plate.;  However, with the addition of PEG8000 or sorbitol, W303 transformed with CrPIP1;5 showed an obvious growth lag compared to yeast containing the pYES2 control.;  When NaCl was added to the SDG medium, the W303 yeast containing CrPIP1;5 showed better growth than the control (Fig. 8b).;  CrPIP1;5 resulted in increased H2O2 sensitivity of yeast and lower growth rates, while both the BY4741 strain and the H2O2-sensitive mutant strain skn7Δ showed similar growth performance to the SDG control plate (Fig. 8c).;  These results indicate that, at least in yeast cells, CrPIP1;5 is an active H2O and H2O2 transporter.; The spot assays for stress tolerance confirmation of the CrPIP1;5 expression in yeast. a Map of the CrPIP1;5-pYES-DEST52 construct. b High osmotic stress and salt tolerance confirmation in yeast.;  The growth state of yeast cells (WT, BY4741) transformed with CrPIP1;5-pYES-DEST52 and empty vector pYES2 with or without PEG8000, sorbitol, or NaCl on SDG-Ura plates.;  The growth state of yeast cells (WT and H2O2-sensitive mutant strain skn7Δ) transformed with CrPIP1;5-pYES-DEST52 and empty vector pYES2 with or without H2O2 on SDG-Ura plates.; To further assess the effects of CrPIP1;5, we generated transgenic Arabidopsis plants that ectopically expressed CrPIP1;5 under the control of 35S promoters.;  Although our seed germinating assays indicated that CrPIP1;5 OX lines showed no significant difference on germination rates under salt, salt-alkaline, or high osmotic challenges compared with WT seeds (Figure S3), while in the seedling growth assays, CrPIP1;5 OX line seedlings showed slightly growth retardation on the salt and salt-alkaline MS plates compared with WT control (Figure S4).; The seeds of WT and CrPIP1;5 OX lines were grown in well-watered conditions for 30 days, and prior to the salt, drought, and alkaline stress treatments, the growth rates of adult plants (WT and three CrPIP1;5 OX lines) were relatively consistent.;  Apparently, CrPIP1;5 resulted in weak sensitivity to drought (Fig. 9a).;  After 10 days of water withdrawal, all plants wilted to some degree in both WT and the three CrPIP1;5 OX lines.;  After re-watering and growing for another 7 days, most of the CrPIP1;5 OX plants did not recover, while most of the WT plants did recover and had a higher survival rate than CrPIP1;5 OX plants (Fig. 9b).;  This result indicates that overexpression of CrPIP1;5 decreased plant resistance to drought.; Drought stress treatment on the growth of the transgenic CrPIP1;5 overexpression lines (OX 1#, OX 5#, and OX 10#) and wild-type (WT) plants under natural growth conditions in vermiculite. a Leaf phenotypes of the transgenic line and WT plants under drought treatment. b The survival rates of the OX lines and WT plants.; We found that GFP-fused CrPIP1;5 was constitutively expressed (under the control of CaMV 35S) in transgenic Arabidopsis plants.;  Root tip fluorescence of roughly three- to four-day-old transgenic Arabidopsis seedlings was easily discerned by confocal microscopy; the GFP-CrPIP1;5 protein was visible in the plasma membranes of transgenic plants, while in control plant roots, the GFP signal was distributed evenly in the whole cytoplasm (Figure S6).;  These results suggest that subcellular localization of CrPIP1;5 was consistent across the PIP1 subfamily and was predominantly localized to the plasma membrane, as well as partly in endomembrane system.;  Within the plasma membrane, CrPIP1;5 was folded into a specific transmembrane channel and functioned as a water transporter.;  Two AQP genes from G. soja, GsTIP2;1 and GsPIP2;1, minimized tolerance to salt and dehydration stress when overexpressed in Arabidopsis, implying they have negative impacts on stress tolerance by regulating water potential [43, 44]. In most functional analyses conducted in transgenic plants, the overexpression of AQP genes caused elevated tolerance to salt and drought, such as in Malus zumi (gene MzPIP2;1) [45], Sesuvium portulacastrum (SpAQP1) [46], Stipa purpurea (SpPIP1) [47], Simmondsia chinensis (ScPIP1) [48], Thellungiella salsuginea (TsPIP1;1) [49], and Phoenix dactylifera (PdPIP1;2) [50]. The elevated expression of AQP genes in plants can lead to cellular changes in water potential, which cause alterations in water uptake and transpiration, and ultimately modify tolerance to water deficit stress.; In our previous research, we have characterized CrPIP2;3 as a salt/drought stress related gene [36]. Here we performed protein–protein interaction studies using yeast two-hybrid assays and found that two CrPIP members, encoded by CrPIP1;5 and CrPIP2;3, that were highly expressed in all tested tissues and almost constitutively expressed under the abiotic stress challenges and ABA treatment (Figs. 5a and ​and6).6).;  This is consistent with previous findings that some PIP1 and PIP2 members could assemble as homotetramers and heterotetramers, thereby triggering channel activities, influencing substrate specificity, and regulating PIP trafficking [56]. Here, our results on the expression patterns of CrPIP1;5 and CrPIP2;3 provide a detailed understanding of their regulatory modes and help to illuminate CrAQP functions.; Our results from the yeast overexpression system indicate that CrPIP1;5 is an active transmembrane H2O and H2O2 transporter (Fig. 8).;  We assessed the overexpression of CrPIP1;5 in transgenic Arabidopsis, and CrPIP1;5 lead to slightly reduced saline-alkaline and drought tolerance, which showed the exact opposite phenotype compared with CrPIP2;3’s overexpression in Arabidopsis [36]. This also suggests that CrPIP1;5 could play a key role in water transport.;  Here we speculated that as a foreign AQP gene, CrPIP1;5 might be involved in modifying the function of endogenous PIPs of Arabidopsis, or function more in water flowing out than water absorption in transgenic Arabidopsis roots, thereby resulted in sensitivity to salt and drought stresses.;  We also found that high levels of salt, alkaline, and ABA slightly decreased the expression of CrPIP1;5 in C. rosea, this further suggests that this gene is highly important for water movement between cells and tissues, and is indeed involved in a stress response pathway that protects yeast cells or plants from water loss under high salinity conditions and promotes water release under high osmotic stress or drought (Figs. 8b and ​and9).9).;  The overexpression of CrPIP1;5 in transgenic Arabidopsis is in contrast to most previous findings [40, 54], suggesting that overexpression of plant PIPs results in specificities of abiotic stress tolerance or sensitivity, which also might be attributed to the protein interaction, post-translational modifications (PTM), protein trafficking of the foreign AQP.;  While in C. rosea, our results about the expression pattern of CrPIP1;5 regarding to different tissues or habitats (Fig. 5), as well as the transcriptional changes responding to salinity/alkaline, high osmotic stress, and ABA treatment (Fig. 6a), indicated that CrPIP1;5 might be boiled down to a “housekeeping gene” for basic water homeostasis, to some degree.;  Even the CrPIP1;5 showed higher expression level in YX sample than in SCBG sample (leaves) (Fig. 5b), which might be probably due to the long-term adaptive mechanism that C. rosea plants on YX island have to deal with much tougher water-deficit adversities than plants in SCBG, including water absorption from the external environment and water transportation in vivo.;  The slightly decreased expression of CrPIP1;5 in C. rosea seedlings caused by stress factors or ABA (Fig. 6a), which might be an emergency protection for alleviating the damages caused by water disturbances, since we only checked the CrPIP1;5’s expression changes in 24 h challenged by different factors.;  For example, tobacco PIP1 member, NtAQP1, caused a decline of root hydraulic conductivity and decreased resistance of plants to water stress [57]. Transgenic tobacco (Nicotiana tabacum) plants overexpressing AtPIP1;4 and AtPIP2;5 displayed rapid water loss under dehydration stress and showed enhanced water flow under drought stress [58]. The Glycine soja gene GsPIP2;1 negatively impact salt and drought stress tolerance by regulating water potential when overexpressed in transgenic Arabidopsis [44]. In addition, Arabidopsis plants overexpressing AcPIP2 (a PIP gene from saltbush A. canescens) exhibited drought-sensitive phenotypes [41]. This can be explained by the nature and intensity of stresses, combining with the cooperation between the over-expressed foreign AQPs and the endogenous AQPs.;  In our study, the over-expression of CrPIP1;5 showed some sensitivity both in yeast and in Arabidopsis, which only reflect CrPIP1;5 did involve in water stress responses in vivo.;  Overall, as an active water channel protein with high expression levels in C. rosea different tissues or challenged by different factors, the CrPIP1;5, as well as the CrPIP2;3, might be basic sustainers for water homeostasis during the development of C. rosea plants.;  As predicted, the two PIP1 and PIP2 members, CrPIP1;5 and CrPIP2;3, formed homodimers and heterodimers through protein interactions.;  We also functionally identified one of the CrPIP1 members, CrPIP1;5, given its highest expression levels in different tissues of C. rosea.;  Although our results showed that overexpression of CrPIP1;5 could increase sensitivity to saline-alkaline and drought conditions in yeast and plants, combining the high and regulatable expression of CrPIP1;5 in C. rosea, it can be inferred that CrPIP1;5 is one of basic and important functional genes for facilitating water transportation in vivo, and might be involved in the C. rosea ecological adaptation to tropical coral reef.; The full-length cDNAs of CrPIP1;5 (GenBank accession number {""type"":""entrez-nucleotide"",""attrs"":{""text"":""MT787665"",""term_id"":""2063684758""}}MT787665) and CrPIP2;3 (GenBank accession number {""type"":""entrez-nucleotide"",""attrs"":{""text"":""MT787666"",""term_id"":""2063684760""}}MT787666) were isolated from the cDNA library of C. rosea seedlings, in which all cDNAs were inserted into a yeast expression vector (pYES-DEST52) using Gateway® techniques (Life Technologies).;  The recombinant plasmids containing CrPIP1;5 and CrPIP2;3 cDNAs were designated as CrPIP1;5-pYES-DEST52 and CrPIP2;3-pYES-DEST52 and used as template DNA in the following PCR assays.;  The open reading frame (ORF) regions of CrPIP1;5 and CrPIP2;3 were PCR-amplified using the primer pairs PIP1-5BDF/PIP1-5BDR and PIP2-3BDF/PIP2-3BDR, respectively (Table S2), and then inserted into a pGBKT7 vector using InFusion® techniques (In-Fusion HD® Cloning System, Clontech) to construct the pGBKT7-CrPIP1;5 and pGBKT7-CrPIP2;3 bait plasmids.;  The prey plasmid, pGADT7-CrPIP1;5, and pGADT7-CrPIP2;3, were generated by cloning the CrPIP1;5 and CrPIP2;3 ORFs into the pGADT7 vector after amplification (using the primers PIP1-5ADF/PIP1-5ADR, PIP2-3ADF/PIP2-3ADR as above; Table S2).; The recombinant plasmids CrPIP1;5-pYES-DEST52 and the empty vector pYES2 (a negative control) were transformed into the Saccharomyces cerevisiae wild type strains W303 (MATa; his3-11_15; leu2-3_112; ura3-1; trp1Δ2; ade2-1; can1-100), WT (BY47471; MATa; his3Δ1; leu2Δ0; met15Δ0; ura3Δ0), and H2O2-sensitive mutant skn7Δ (BY4741; MATa; ura3Δ0; leu2Δ0; his3Δ1; met15Δ0; YHR206w::kanMX4).; The coding sequence (CDS) of the CrPIP1;5 cDNA was PCR-amplified using the primer pair PIP1-5OXGF/PIP1-5OXGR (Table S2) and then inserted into plant expression vector pEGAD to generate CrPIP1;5-pEGAD.;  These tests were thereby meant to evaluate the biological functions of CrPIP1;5.; In brief, seed germination rate of the CrPIP1;5 transgenic Arabidopsis (OX 1#, OX 5#, OX 10#, and WT) was measured under the following stress treatments: NaCl (175 mM, 200 mM, and 225 mM; salt stress); 5 mmol/L NaHCO3 plus 95 mmol/L NaCl (pH 8.2), 7.5 mmol/L NaHCO3 plus 92.5 mmol/L NaCl (pH 8.2), and 10 mmol/L NaHCO3 plus 90 mmol/L NaCl (pH 8.2; alkaline stress); mannitol (200 mM, 300 mM, and 400 mM) stress.;  The goal of these treatments was to detect the effect of the overexpression of CrPIP1;5 on affecting the salt/alkaline/osmotic tolerance of transgenic Arabidopsis seeds during germination.;  Additionally, root length was calculated to evaluate the influence of the overexpression of CrPIP1;5 on transgenic Arabidopsis seedlings under abiotic stress (100 mM, 150 mM, and 200 mM NaCl for salt stress; 0.5 mmol/L NaHCO3 plus 99.5 mmol/L NaCl, 0.75 mmol/L NaHCO3 plus 99.25 mmol/L NaCl, 1 mmol/L NaHCO3 plus 99 mmol/L NaCl, pH 8.2 for alkaline stress; 200 mM, 300 mM, and 400 mM mannitol for osmotic stress.; Subcellular localization of CrPIP1;5 in Arabidopsis was also detected using GFP fusion protein in seedling roots.;  The OX homozygous lines of CrPIP1;5-pEGAD and the control (pEGAD) transgenic plants were sterilized and spotted in MS plates to generate seedlings."
"PRB",10536,36916005,10111349,""
"protein B",10536,36916005,10111349,""
"Rhbg",57127,36250323,9672858," Nevertheless, Alcolapia retain the Rhesus glycoprotein genes in their genomes and using two heterologous expression systems, we demonstrate that Alcolapia Rhbg is capable of moving ammonia.;  Using in situ hybridisation, we demonstrate robust, localised gene expression of Rhbg, rhcg1 and rhcg2 in the gill tissue in both A. alcalica embryos and adults, similar to that in other ammoniotelic fish.;  Rhag is present in the membrane of red blood cells, while Rhbg, Rhcg1 and Rhcg2 are predominantly detected in gill tissue (Nakada et al., 2007a,b; Wright and Wood, 2009).;  Immunohistochemistry in pufferfish gills has shown that Rhbg is present on the basolateral membrane while Rhcg2 is on the apical membrane of pavement cells; this arrangement may allow the proteins to work together to transport ammonia across gill tissues into the surrounding water (Nakada et al., 2007a,b).;  While this organisation of Rh proteins has been described in the fish gill, the expression of Rhbg in larval skin during early development, in the absence of Rhcg2, suggests that the collaboration of these two Rh proteins is not always required for ammonia transport (Braun et al., 2009), although Rhcg1 could fill this role (Shih et al., 2013).;  Selective knockdown using morpholinos against Rhag, Rhbg and Rhcg1 in developing D. rerio resulted in around a 50% reduction in ammonia excretion, regardless of the Rh targeted.;  In contrast, a recent paper showed that knock-down of rhcg(b) (also known as rhcg1; Nakada et al., 2007a) in D. rerio did not affect ammonia excretion in larva, which suggests that there are compensatory mechanisms upregulating the expression of other rhesus protein genes such as Rhbg (Zimmer and Perry, 2020).; The presence of Rhbg and Rhcg2 transcripts in Alcolapia gill tissue is surprising since these fish are thought to excrete all nitrogenous waste as urea, as has been reported for A. grahami (Randall et al., 1989; Wood et al., 2013).;  Interestingly, the expression of Rhbg and Rhcg2 has been detected in liver, muscle and intestinal tissue (as well as the gills) of these fishes (Wood et al., 2013), suggesting that Rh proteins could be used to shuttle ammonia into tissues with known ornithine-urea cycle activity (Lindley et al., 1999; White et al., 2020).;  It has been suggested that Alcolapia Rhbg and Rhcg2 are structurally different from their orthologues in other species, with 10 rather than 12 transmembrane domains (Wood et al., 2013), raising the possibility that Alcolapia Rh proteins transport another compound or are acting to channel ammonia to tissues for conversion to urea rather than excreting ammonia directly.; Phylogenetic analysis of the amino acid sequence of the Rh proteins confirm that Alcolapia Rh proteins are orthologous to those in other species included in the analysis, grouping with genes coding for Rhag, Rhbg, Rhcg1, and Rhcg2 (Fig. 1A).;  Analysis of gene synteny (Fig. 1B) in D. rerio and O. niloticus shows that the approximate position with respect to neighbouring genes and the orientation of rhesus protein genes Rhbg, Rhcg1 and Rhcg2 is conserved between O. niloticus and D. rerio.;  Both Rhbg and Rhcg2 show significantly elevated dN/dS ratios in the Alcolapia lineage when compared to non-Alcolapia cichlids (orange dots) but not compared to other Alcolapia species (blue dots) (Table S1).; Testing for variation in ratio of the rates of non-synonymous to synonymous substitutions (dN/dS) for the four Rh proteins among branches of the phylogeny demonstrates that while Rhag and Rhcg1 are under purifying selection, both Rhbg and Rhcg2 have evolved under positive selection in the lineage leading to Alcolapia (Fig. 1C and Table S1).​ This is shown by the comparison of Alcolapian Rhbg and Rhcg2 to the same genes from non-Alcolapian cichlids, as highlighted by the increased dN/dS ration for that comparison in Fig. 1C.; A computationally derived model of the A. alcalica Rhbg protein displays a 12 transmembrane helices structure with a long C-terminal tail; the tail is a feature known to be highly variable within the Amt/Mep/Rh family and has been posited to facilitate a protein–protein interaction in one member from Nitrosomonas europaea (Li et al., 2007; Lupo et al., 2007) (Fig. 2A).;  The model of A. alcalica Rhbg displays high confidence across most of its sequence, with the notable exception of the C-tail, which is to be expected given its divergent sequence across the Rh family.;  The 12 transmembrane helices and other key features of rhesus proteins are conserved, including the characteristic twin-His motif that is situated within the hydrophobic channel of Rhbg, and has been shown in AmtB to be critical for transport function and selectivity (Williamson et al., 2020) (Fig. 2B).;  The extracellular side of A. alcalica Rhbg contains the highly negatively charged surface characteristic of the Rh family (Fig. 2C).;  The structural features predicted by this modelling are consistent with A. alcalica Rhbg acting as an ammonia transporter which we went on to test using two heterologous expression systems.;  The predicted protein structure of A. alcalica Rhbg monomer was generated using AlphaFold as detailed in Jumper et al., 2021. (A) Three dimensional model of Alcolapia Rhbg reveals 12 transmembrane helices and a long C-terminal tail.; To determine whether A. alcalica rhesus proteins are able to move ammonium in vivo, synthetic mRNA coding for A. alcalica Rhbg was injected into zebrafish embryos and ammonia excretion was measured after 24 h.;  Injection of mRNA coding for Rhbg from the ammonotelic D. rerio was also analysed for comparison.;  Analysis of nitrogenous waste produced by injected and uninjected control embryos shows that overexpression of A. alcalica Rhbg significantly increases the amount ammonia detected in holding water, while the small increase resulting from overexpressing D. rerio Rhbg is not statistically significant (Fig. 3A).;  These data suggest that the Alcolapia Rhbg protein is functional and, like Rhbg proteins in ammoniotelic species, has the capacity to transport ammonium.; Alcolapia Rhbg can transport ammonium. (A) µM of nitrogen as ammonia and (B) µM of nitrogen as urea, compared to wildtype.;  Ammonia and urea concentration represented as µM of nitrogen are shown for control embryos, embryos injected with 150pg of mRNA coding for D. rerio Rhbg or A. alcalica Rhbg (P-value *<0.05, ns: not significant). (C) Saccharomyces cerevisiae growth on minimal media (pH 6.1) containing NH4 as a sole nitrogen source was measured for 40 h.; To further examine the biological activity of Rhbg proteins from Alcolapia and D. rerio, expression plasmids were generated such that A. alcalica Rhbg and D. rerio Rhbg were constitutively expressed in a S. cerevisiae strain lacking its endogenous Mep ammonium transporters.;  In this assay, the Rhbg proteins are tested for their ability to complement the growth defect displayed by the mutant strain in a limited ammonium environment, which would indicate ammonium transport activity (Marini et al., 1997).;  Fig. 3C shows that at 1 mM NH4+ the expression of Rhbg, from both A. alcalica and D. rerio, facilitated growth.;  Transcripts for the genes coding for Rhbg and Rhcg2 have been detected in A. grahami, as has protein expression in the gill filaments (Wood et al., 2013).;  A. alcalica embryos show a restricted expression domain where Rhbg (Fig. 5A,B), rhcg1 (Fig. 5D,E), and rhcg2 (Fig. 5G,H) are detected only in gill tissue (arrows).;  Rhbg has the strongest expression in both developing embryos (Fig. 5A,B) and adult gill tissue (Fig. 5C).;  In adults, Rhbg is detected solely in the pavement cells of the gill filaments.;  Rhcg2 is found in the same region of the gill as Rhbg although expressed at a lower level (Fig. 5I).; In situ hybridisation of Rhesus glycoproteins (Rh) in A. alcalica embryos at 5 dpf and adult gills. (A) Rhbg expression, left lateral view. (B) Rhbg expression, ventral view of head. (C) Rhbg expression in adult gills. (D) Rhcg1 expression, left lateral view (E) Rhcg1 expression, ventral view of the head. (F) Rhcg1 expression in adult gills (G) Rhcg2 expression, left lateral view. (H) Rhcg2 expression, ventral view of the head. (I) Rhcg2 expression in adult gills.;  In situ hybridisation was carried out using DIG-labelled antisense probes to detect mRNAs Rhbg, Rhcg1 and Rhcg2.;  Fig. 6A-C shows robust expression of Rhbg (Fig. 6A), Rhcg1 (Fig. 6B), and Rhcg2 (Fig. 6C) in gills of A. alcalica detected after 16 h in substrate.;  Fig. 6D-F shows the corresponding low-level expression of Rhbg (Fig. 6D), Rhcg1 (Fig. 6E), and Rhcg2 (Fig. 6F) in gills of A. grahami analysed in parallel, alongside A. alcalica and photographed after the same period of time.;  For both species, expression is apparent in the same regions: Rhbg and Rhcg2 in the gill filaments, and Rhcg1 in the mitochondria rich cells; but the expression appears much weaker in A. grahami.;  We conclude that A. grahami remains 100% ureotelic due to low expression of Rhbg, Rhcg1 and Rhcg2; while the high expression of these functional rhesus glycoprotein genes in A.alcalica allows it to excrete a portion of its waste as ammonia.;  This observation is consistent with the robust expression of functional ammonium transporters, including Rhbg, in A. alcalica.;  We show that A. alcalica Rhbg (as well as Rhcg1 and Rhcg2) are expressed in the gill in both A. alcalica embryos and adults and that Alcolapia Rhbg protein is capable of moving ammonium in two heterologous expression systems, zebrafish embryos and a yeast growth assay.;  The Rhbg protein sequence is almost identical in these two species, suggesting that at the biochemical level A. grahami has the means/tools to move ammonia, but does not, even under temperate environmental conditions.;  Even after generations in non-extreme conditions, there is no recovery of Rhbg/cg expression in A. grahami and they remain fully ureotelic.;  Nevertheless, these expression data point to Alcolapia Rhbg, rhcg1 and rhcg2 as orthologues to those of other fishes.; Like other members of the Rh family, and unlike the Amt family, no defined NH4+ binding site is present in A. alcalica Rhbg.;  The model of A. alcalica Rhbg presented in this report strongly supports a protein that functions as a typical Rh protein.;  It is surprising that when overexpressed in zebrafish embryos, Danio Rhbg did not significantly increase excreted ammonia while Alcolapia Rhbg did.; Given the near identical sequence of Rhbg in A. alcalica and A. grahami (99.5%; see Fig.;  S4) it can be expected that A. grahami Rhbg also forms a functional ammonia transporter, aligning with previous work showing that Rh proteins facilitate ammonia excretion under high environmental ammonia (HEA) exposure based on the response of A. grahami Rhbg at both the mRNA and protein level in the gills under HEA stress (Wood et al., 2013).;  Whether this precise mechanism also occurs in the Rh family is unknown, but a multiple sequence alignment of A. alcalica rhesus proteins and D. rerio Rhbg with E. coli AmtB shows conservation of key ammonium transport residues.; The evidence presented here indicates that Alcolapia Rhbg protein is capable of transporting ammonia; this is consistent with our finding that A. alcalica excrete a proportion of their nitrogenous waste as ammonia.;  Full-length cDNAs coding for Rhbg proteins were cloned into the expression plasmid pCS2+ and sequenced. mRNA for injections was synthesised using messageMACHINE® SP6 kit as per manufacturer's instructions.; Since A. alcalica Rhbg appears to have evolved under positive selection, we used AlphaFold to predict the extent to which whether the amino acid changes may have altered its structure and its ability to transport ammonia.;  The AlphaFold model of A. alcalica Rhbg was calculated using the protein sequence of Rhbg from A. alcalica (accession number {""type"":""entrez-nucleotide"",""attrs"":{""text"":""MW448158"",""term_id"":""1997175937"",""term_text"":""MW448158""}}MW448158) on the AlphaFold Google Colab platform (Jumper et al., 2021).;  Gene specific primers (Table S2) were designed to amplify Alcolapia Rhbg, Rhcg1, Rhcg2, and eF1ɑ. The nucleotides sequences in these regions are identical in A. alcalica and A. grahami so the same primers and PCR conditions were used (22 cycles).;  To test the activity of Alcolapia Rhbg in moving ammonia we included uninjected embryos and embryos where Rhbg had been overexpressed by injection of synthetic mRNA from either Danio or A. alcalica.;  The concentration of nitrogen as ammonia and urea for the three treatments (uninjected, Danio Rhbg, Alcolapia Rhbg) were measured and compared using two-sample t-tests.; In order to test the ability of the A. alcalica rhesus protein genes to move ammonium in yeast, the Rhbg genes from A. alcalica and D. rerio were cloned into the vector pDR195 by homologous recombination and transformed into Saccharomyces cerevisiae 31019b (MATα ura3 mep1Δ mep2Δ::Leu2 mep3Δ::KanMX2), a yeast mutant with deletions in the three endogenous ammonium-transporter genes and defective in ammonium transport."
"TAK",1025,34093984,8148631," The
phylogenetic analysis allowed the construction of a radial cladogram in which
protein sequences putatively ascribed as thermophilic and alkaliphilic appeared
grouped in a well-defined region of the cladogram, designated TAK Cluster.;  One
among five TAK sequences selected for experimental analysis (Xyn11) showed
extraordinary xylanolytic activity under simultaneous conditions of high
temperature (90 °C) and alkalinity (pH 10.5).;  Sequences putatively identified as thermoresistant, are marked by a
gray label in Fig. 1A.
Among these, a cluster (hereinafter designated as TAK) marked by a triangle,
corresponds to sequences that putatively are thermostable and alkaliphilic.
The sequences included in the TAK cluster, belong to genera the
Caldicellulosiruptor, Thermotoga, Pseudothermotoga, Petrotoga
and Defluviitoga, and are listed in Fig. 1B.;  The gray triangle
marks the TAK cluster. (B) Phylogenetic tree of the TAK cluster sequences.
Asterisks mark the sequences that were selected for experimental
analysis."
"fog",161882,24927538,4156692," Studies of life in extreme deserts show that on a dry world, even a small amount of rain, fog, snow, and even atmospheric humidity can be adequate for photosynthetic production producing a small but detectable microbial community.;  Fig. 3B shows the green biofilm of cyanobacteria that live beneath translucent rocks in many deserts surviving on as little as a few days of rain or fog each year (32–34).;  These examples show that a small amount of rain, fog, or snow and even atmospheric humidity can be adequate for photosynthetic production producing a small but detectable microbial community.;  Based on our understanding of life on Earth we can present a checklist for speculating on the possibilities of life on these distant worlds. (i) Is the temperature between −15 °C and 122 °C, and a total pressure high enough to keep water liquid water stable (P > ∼0.01 atmospheres)? (ii) If the world is arid, are there at last a few days per year of rain, fog, snow, or RH > 80%? (iii) Are there adequate light or geothermal energy sources––light determined by distance from the star, geothermal energy estimated by bulk density? (iv) Are the UV and ionizing radiation below the (very high) limits of microbial tolerance? (v) Is there a biologically available source of nitrogen? (vi) If O2 is present at over 0.01 atmospheres there could be complex life, and the presence of O2 is convincing indicator of photosynthetic life on Earth-like worlds."
"osteocalcin",12097,30400922,6220464," Furthermore, histomorphometric and histological profile analyses of serum biochemical parameters (osteocalcin content and bone specific alkaline phosphatase [bALP] activity) were conducted following sacrifice.;  Mouse Osteocalcin ELIZA Kit and Mouse bALP ELIZA Kit, purchased from MyBioSource (CA, USA), were used for measuring the serum osteocalcin and bALP levels, respectively.; OVX control groups displayed a significant (p < 0.01) decline in serum bALP activity and a noteworthy rise in serum osteocalcin.;  However, all formulations of EAP and TM significantly (p < 0.01) reduced the serum osteocalcin levels and significantly (p < 0.01) increased the bALP activity.;  Particularly, EAP:TM (3:1) treated mice revealed significant (p < 0.01; p < 0.05) decreases in serum osteocalcin content and increases in serum bALP activity.;  RES (2.5 mg/kg) supplied OVX mice also showed significantly (p < 0.01) decreases in serum osteocalcin levels; yet, both groups demonstrated similar serum bALP activity compared to the OVX control group (Figs. 2 and ​and3;3; Additional file 3).; Serum osteocalcin levels in sham-operated and OVX mice.; OVX mice showed noticeable increases in body weight, weight gain, and serum osteocalcin levels, as well as decreases in serum bALP activity, femur wet, dry, and ash weights, femur Ca and IP contents, BMD, and strength as compared to sham vehical control.;  Despite these issues, serum bALP and osteocalcin levels are normally considered as acceptable indicators of bone formation and turnover, respectively [7, 9, 60–62]. In this study, OVX-control groups showed a significant decrease in serum bALP activity and a significant increase in serum osteocalcin levels as compared with the sham-control groups.;  However, all EAP:TM single or mixed formulations and especially, mice treated with EAP:TM 3:1-formualtion showed increases in serum bALP activity and decreases in osteocalcin levels.;  Moreover, RES 2.5 mg/kg significantly decreased serum osteocalcin levels, but had no effect on serum bALP activity.; Raw data on serum osteocalcin and bALP levels in sham-operated and OVX mice."
"spa",653509,24430481,4030231," Studies have noted a clear peak of diversity at neutral pH when comparing soils across varying spatial scales and soil types (Fierer and Jackson, 2006), including chalk-treated (Rousk et al., 2010) and arctic soils (Chu et al., 2010)."
"tap",10482,32533304,7347518," While many studies have investigated microorganisms in the air and dust, tap water, another major input of microbial propagules, has received far less attention.;  Indoor water-borne microorganisms are not confined only to bathrooms and kitchens but can also populate tap water systems and household appliances, in which they can be attracted to certain chemicals and plastic or rubber surfaces.;  Some algal species belonging to the genera Scenedesmus, Euglena, Anacystis, Coelastrum, Prototheca and Chlorococcum can be found in tap water systems, despite chlorination, and can survive without light (Defra 2011).;  Algae in tap water systems are particularly problematic as reservoirs of certain bacteria (e.g.;  According to the WHO, algae producing toxins, and those causing bad taste or odour, should be absent from tap water (WHO 2011).;  Biofilms in tap water systems may contain up to 8.9 CFU/cm2 of yeasts and 4.0–25.2 CFU/cm2 of filamentous fungi (Doggett 2000).; Bacteria are the most numerous microorganisms in tap water and biofilms of the water distribution system.;  The most problematic bacteria potentially found in tap water according to WHO are Vibrio cholerae, Salmonella typhi, Shigella spp., Campylobacter jejuni, E. coli, Yersinia enterolitica, Legionella spp., Aeromonas spp., Mycobacterium spp., Bacillus spp. and P. aeruginosa (WHO 2011; EEC 1998).;  The number of bacteria reaches its lowest limits in water tanks after treatment procedures (e.g. chlorination), while in tap water the number of bacteria increases again due to the presence of biofilms in plumbing systems (Kormas et al. 2010).;  Thus, the numbers of CFU in groundwater can be up to 106 CFU/mL, in well water up to 103 CFU/mL, in reservoir tanks after chlorination up to 102 CFU/mL and in household tap water between 102 and 105 CFU/mL (Kormas et al. 2010; Callewaert et al. 2015).;  Typical bacteria in ground and well water are Betaproteobacteria (Kormas et al. 2010).;  In biofilms of the lower parts of the plumbing system (e.g. basement and first floor), in systems with regular water consumption and relatively high water flow, Alphaproteobacteria dominate over Betaproteobacteria (Inkinen et al. 2016).;  This is also true in copper pipes (Inkinen et al. 2016), while cross-linked polyethylene (PEX) pipes in combination with hot water appear to select for Betaproteobacteria, Gammaproteobacteria, Actinobacteria and Bacilli (Callewaert et al. 2015; Inkinen et al. 2016; Moat et al. 2016).; Microorganisms entering buildings via tap water become exposed to different physico-chemical factors, which shape the diversity of the communities in indoor habitats.;  Although outdoor and indoor air and water are known sources of microbial contamination of kitchens, human skin was found to be the primary source of bacteria belonging to the families Propionibacteriaceae, Corynebacteriaceae, Staphylococcaceae and Streptococcaceae (Flores et al. 2011; Flores et al. 2012).; Staphylococcus spp.; Staphylococcus spp.; Staphylococcus aureus; Stapleton et al. 2013; Staphylococcus aureus;  Recently, conducted studies suggested tap water as an important additional vector (Novak Babič et al. 2016b).;  Ubiquitous genera of filamentous fungi like Aspergillus, Cladosporium and Penicillium were present mainly on surfaces exposed to outdoor air (e.g. sills next to windows) (Adams et al. 2013), while moist surfaces in regular contact with water harboured yeasts from the genera Apiotrichum, Candida, Cryptococcus, Cystobasidium, Issatchenkia, Malassezia, Meyerozyma, Naganishia, Hyphopichia, Pichia, Rhodotorula, Trichosporon, Wickerhamiella and Wickerhamomyces, and black yeasts Aureobasidium, Capronia, Cyphellophora, Cladophialophora, Exophiala, Fonsecaea, Knufia, Phialophora and Rhinocladiella (Table ​(Table1)1) (Zupančič et al. 2016; Wang et al. 2018), many of which were previously reported also from tap water (Zupančič et al. 2016; Novak Babič et al. 2016b).;  The major ones are tap water, human skin and oral biota, and faecal contamination (in case of coliform bacteria) (Ankola et al. 2009).;  Other skin- and faeces-related bacteria, such as those from the genera Citrobacter, Enterobacter, Escherichia, Klebsiella, Serratia, Enterococcus, Streptococcus and Staphylococcus spp. could be found on the floor, drains, sinks, toilet seats and counters across the bathrooms (Table ​(Table1)1) (Cole et al. 2003).; Similarly to bacteria, fungi colonising bathroom surfaces can also originate from tap water or skin.;  These genera can be isolated from taps, sinks and seals between ceramic bathroom tiles (Fig. ​(Fig.2)2) (Wang et al. 2018).;  In the following studies, results confirmed the existence of a core mycobiota (Zupančič et al. 2016) and identified tap water as the main source of contamination of dishwashers with these fungi (Novak Babič et al. 2016b).;  The most tested bacteria showed high resistance to antibiotics such as cefotaxime, ceftazidime and ertapenem, while genes for virulence markers were detected only in P. aeruginosa strains.;  To evaluate water as the possible vector of contamination of dishwashers with bacteria, a metagenomic analysis of bacterial diversity in tap water was conducted.;  The study showed the dominance of Alphaproteobacteria and Betaproteobacteria in the water, while Actinobacteria and Firmicutes were present in much lower numbers.;  Genera Pseudomonas, Pantoea, Sphingobacterium, Flavobacterium, Carnobacterium, Lactobacillus, Arthrobacter, Bacillus and Staphylococcus, which dominated the interior of refrigerators (Table ​(Table1),1), were usually associated with stored food, especially untreated meat and vegetables (Jeon et al. 2013).;  Several studies reported colonisation of washing machines with bacteria from the genera Acinetobacter, Bacillus, Clostridium, Corynebacterium, Escherichia, Micrococcus, Pseudomonas and Staphylococcus (Table ​(Table1)1) (Perry et al. 2001; Panagea et al. 2005; Novak Babič et al. 2015).;  Particularly problematic is the presence of species Clostridium difficile, Staphylococcus aureus, Klebsiella pneumoniae and P. aeruginosa on laundry, since cross-contamination from laundry can occur, resulting in nosocomial infections (Rozman et al. 2013).;  Transfer and enrichment of some bacterial groups was shown also for cotton fabrics supporting the growth of the genera Enhydrobacter, Corynebacterium and Acinetobacter, while polyester fabrics in general favoured the growth of Micrococcus and Staphylococcus (Callewaert et al. 2015).;  However, their presence in washing machines causes persistent unpleasant odour due to bacterial degradation of detergents and other organic matter present on clothes and in the water and they are released into waste greywater, which exits the washing machines (Munk et al. 2001; Stapleton et al. 2013; Callewaert et al. 2015).; Although degradation of detergents, especially softeners, was reported also for various fungi, they are not involved in the development of unpleasant odour of clothes or washing machines (Stapleton et al. 2013; Novak Babič et al. 2015).;  Most fungi isolated from washing machines entered via tap water.;  The most contaminated sites were plastic parts (e.g. drawers for detergents) and rubber seals (Gattlen et al. 2010; Kubota et al. 2012; Stapleton et al. 2013; Novak Babič et al. 2015).;  Bacteria, such as Streptococcus pyogenes, Staphylococcus aureus and Bacillus spp., can survive the high temperatures in dryers, resulting in clinical outbreaks especially in hospital environments (Brunton 1995; Fijan and Šostar Turk 2012).;  Bacterial biofilms on stainless steel were reported to be thinner and easier to remove than those found on polyethylene, which contained a higher proportion of viable bacteria—an important consideration when for example choosing the material of a kitchen sink, but also of tap water piping systems, where the formation of biofilms is linked with numerous problems impacting the safety of tap water.;  In the investigation of materials used in tap water piping systems, rubber turned out to be by far the most problematic material in terms of biofilm formation (Szczotko et al. 2016).;  While some of these traits are known for Candida spp., Fusarium oxysporum (FOSC) and F. solani complexes (FSSC), all of these are characteristic for the black yeast E. dermatitidis, dominant fungus in dishwashers around the world (Zalar et al. 2011; Lavrin et al. 2020), and A. melanogenum prevailing in tap water (Novak Babič et al. 2016b, 2017a).;  These biofilms can be established on interior materials due to the constant presence of water, either entering the appliance from the tap water distribution system or condensing on the surface."
