Chemicals,ChemicalID,PMID,PMCID
water,D014867,32533304,PMC7347518
arsenic,D001151,26733008,PMC4679917
salts,D012492,26733008,PMC4679917
O2,D010100,26733008,PMC4679917
ozone,D010126,26733008,PMC4679917
PacC,C406277,37367588,PMC10301932
poly,C017937,37317247,PMC10223213
ammonium sulphate,D000645,31388592,PMC6667821
Ba2+,C080430,31388592,PMC6667821
Ca2+,D000069285,31388592,PMC6667821
EDTA,D004492,31388592,PMC6667821
N-(2-aminoethyl) glycine,C028791,28737704,PMC5532675
2-4-diaminobutyric acid,C005959,28737704,PMC5532675
-cylindrospermopsins,C089595,28737704,PMC5532675
microcystins,D052998,28737704,PMC5532675
nodularins,C063998,28737704,PMC5532675
Polymer,D011108,31087781,PMC6828557
poly(vinyl alcohol),D011142,31087781,PMC6828557
ice,D007053,31087781,PMC6828557
TMAO,C005855,36916005,PMC10111349
trimethylamine N-oxide,C005855,36916005,PMC10111349
urea,D014508,36916005,PMC10111349
hydrogen,D006859,36916005,PMC10111349
NaCl,D012965,36414646,PMC9681764
MAGs,C035408,36414646,PMC9681764
glycerol,D005990,36414646,PMC9681764
ATP,D000255,26090360,PMC4453477
Water,D014867,33819431,PMC8219186
water,D014867,33819431,PMC8219186
brine,C017082,33819431,PMC8219186
phenolic,C017616,36581887,PMC9798632
lignin phenols,D008031,36581887,PMC9798632
chlorine dioxide,C025109,36581887,PMC9798632
phenols,D010636,36581887,PMC9798632
Abscisic Acid,D000040,33925342,PMC8123667
Abscisic acid,D000040,33925342,PMC8123667
Lignocellulose,C036909,34669438,PMC8752141
lignin,D008031,34669438,PMC8752141
carbon,D002244,34669438,PMC8752141
glucose,D005947,34669438,PMC8752141
ectoine,C045628,29958498,PMC6026024
hydroxyectoine,C121557,29958498,PMC6026024
water,D014867,29958498,PMC6026024
salt,D012492,35137260,PMC8825391
sodium chloride,D012965,35137260,PMC8825391
saline,D012965,35137260,PMC8825391
chloride,D002712,35137260,PMC8825391
hydrogen carbonate,D001639,35137260,PMC8825391
sulfate,D013431,35137260,PMC8825391
carbonate,D002254,35137260,PMC8825391
Sodium carbonate,C005686,35137260,PMC8825391
sodium sulfate,C012036,35137260,PMC8825391
salts,D012492,35137260,PMC8825391
Water,D014867,36000901,PMC9602452
water,D014867,36000901,PMC9602452
saline,D012965,36000901,PMC9602452
sulfur,D013455,36000901,PMC9602452
menadione,D024483,36000901,PMC9602452
hydrogen peroxide,D006861,36000901,PMC9602452
silver,D012834,36000901,PMC9602452
uranium,D014501,36000901,PMC9602452
arsenic,D001151,34389775,PMC8363662
l-alpha-alanine,D000409,35238571,PMC9007522
beta-alanine,D015091,35238571,PMC9007522
phospholipids,D010743,36094301,PMC9602519
water,D014867,36094301,PMC9602519
lipoteichoic acid,C009900,36094301,PMC9602519
ATP,D000255,36094301,PMC9602519
FOS-choline-12,D002794,37577439,PMC10416648
NADH,D009243,37577439,PMC10416648
glycine,D005998,37577439,PMC10416648
saline,D012965,34256694,PMC8278772
water,D014867,34256694,PMC8278772
xylooligosaccharides,C570991,36131073,PMC9492658
Salt,D012492,35630403,PMC9146400
salt,D012492,35630403,PMC9146400
water,D014867,31624306,PMC6797769
Glycerol,D005990,29932648,PMC6588267
glycerol,D005990,29932648,PMC6588267
poly(vinyl alcohol),D011142,29932648,PMC6588267
poly(ethylene glycol),D011092,29932648,PMC6588267
Chlorine,D002713,36362210,PMC9654485
chlorine dioxide,C025109,36362210,PMC9654485
ClO2,D002713,36362210,PMC9654485
oxygen,D010100,36362210,PMC9654485
agar,D000362,31938738,PMC6953635
NaCl,D012965,38225962,PMC10788403
phosphorous,D010757,38225962,PMC10788403
Polyhydroxyalkanoates,D054813,34322108,PMC8312272
PHAs,D054813,34322108,PMC8312272
CO2,D002245,34322108,PMC8312272
carbon,D002244,34322108,PMC8312272
Lipid,D008055,32155764,PMC7084678
ether,D004986,32155764,PMC7084678
lipids,D008055,32155764,PMC7084678
phospholipids,D010743,32155764,PMC7084678
lipid bilayers,D008051,32155764,PMC7084678
water,D014867,32155764,PMC7084678
Saline,D012965,26171779,PMC4501810
saline,D012965,26171779,PMC4501810
salt,D012492,26171779,PMC4501810
NaCl,D012965,26171779,PMC4501810
sulfate,D013431,35384246,PMC9325388
water,D014867,35384246,PMC9325388
lipid,D008055,35384246,PMC9325388
agar,D000362,19411423,PMC2704845
lipopolysaccharide,D008070,33255932,PMC7759928
glycolipid,D006017,33255932,PMC7759928
lipid A,D008050,33255932,PMC7759928
metal,D008670,34777269,PMC8581802
saline,D012965,34777269,PMC8581802
carbonate,D002254,30231921,PMC6146748
salt,D012492,30231921,PMC6146748
carbon,D002244,30231921,PMC6146748
sulfur,D013455,30231921,PMC6146748
nitrogen,D009584,30231921,PMC6146748
carbohydrate,D002241,34093984,PMC8148631
hydrogen,D006859,34093984,PMC8148631
salt,D012492,19930649,PMC2785825
NaCl,D012965,19930649,PMC2785825
salt,D012492,30863668,PMC6393050
arsenic,D001151,37427410,PMC10325857
saline,D012965,35587636,PMC9241684
carbohydrate,D002241,35587636,PMC9241684
NaCl,D012965,35587636,PMC9241684
sodium,D012964,35052375,PMC8774410
hydrogen,D006859,35052375,PMC8774410
potassium,D011188,35052375,PMC8774410
lithium,D008094,35052375,PMC8774410
salt,D012492,35052375,PMC8774410
fengycin,C049972,34681129,PMC8533444
calcium,D002118,28087527,PMC5335526
mannose,D008358,28087527,PMC5335526
carbohydrate,D002241,28087527,PMC5335526
Ca2+,D000069285,28087527,PMC5335526
magnesium perchlorate,C016547,32833498,PMC7116095
salt,D012492,32833498,PMC7116095
saline,D012965,32833498,PMC7116095
NaCl,D012965,36721347,PMC9929850
carboxymethylcellulose,D002266,35137293,PMC8825895
CMC,D002266,35137293,PMC8825895
agar,D000362,35137293,PMC8825895
Sodium dodecyl sulfate,D012967,35137293,PMC8825895
polyacrylamide,C016679,35137293,PMC8825895
SDS,D012967,35137293,PMC8825895
ethylenediamine tetraacetic acid,D004492,35137293,PMC8825895
EDTA,D004492,35137293,PMC8825895
methanol,D000432,35137293,PMC8825895
Zn,D015032,35137293,PMC8825895
Fe,D007501,35137293,PMC8825895
Cu,D003300,35137293,PMC8825895
salt,D012492,35742848,PMC9223760
Iron,D007501,37520367,PMC10376724
sulfur,D013455,37520367,PMC10376724
thiosulfate,D013885,37520367,PMC10376724
iron,D007501,37520367,PMC10376724
Fe(II),D007501,37520367,PMC10376724
Fe(III),D007501,37520367,PMC10376724
tetrathionate,D013776,37520367,PMC10376724
sulfite,D013447,37520367,PMC10376724
iron(III),D007501,37520367,PMC10376724
Fe,D007501,37520367,PMC10376724
Polyproline,C011083,37303170,PMC10265654
polyproline,C011083,37303170,PMC10265654
N-carboxyanhydride,C517076,37303170,PMC10265654
polysarcosine,C015475,37303170,PMC10265654
polyprolines,C011083,37303170,PMC10265654
vinyl,D014753,37303170,PMC10265654
Saline,D012965,28425950,PMC6154464
water,D014867,28425950,PMC6154464
hydrocarbon,D006838,28425950,PMC6154464
benzanthracene,C030935,28425950,PMC6154464
2-3-butanediol,C026978,28425950,PMC6154464
hexahydro-3-(2-methylpropyl)pyrrole[1-2a]pyrazine-1-4-dione,C000612400,28425950,PMC6154464
aziridine,C033132,28425950,PMC6154464
dimethylamine,C034516,28425950,PMC6154464
ethyl acetate,C007650,28425950,PMC6154464
oxypurinol,D010117,28425950,PMC6154464
5-hydroxydecanoic acid,C052853,28425950,PMC6154464
Lipid,D008055,27276261,PMC4906265
hydroxide,C031356,27276261,PMC4906265
phospholipids,D010743,27276261,PMC4906265
lipid,D008055,27276261,PMC4906265
valinomycin,D014634,27276261,PMC4906265
carbons,D002244,27276261,PMC4906265
lipids,D008055,27276261,PMC4906265
isoprenoid,D013729,27276261,PMC4906265
water,D014867,27276261,PMC4906265
water,D014867,26242906,PMC4618613
Mg,D008274,26242906,PMC4618613
water,D014867,28045976,PMC5207672
oxygen,D010100,28045976,PMC5207672
salt,D012492,22887673,PMC3415526
glutamate,D018698,33030592,PMC7561548
sucrose,D013395,33030592,PMC7561548
carbon,D002244,33030592,PMC7561548
CO2,D002245,33030592,PMC7561548
Silver,D012834,27891113,PMC5102886
silver,D012834,27891113,PMC5102886
water,D014867,24927538,PMC4156692
nitrogen,D009584,24927538,PMC4156692
O2,D010100,24927538,PMC4156692
water,D014867,31087168,PMC6557878
serine,D012694,32528424,PMC7247812
dithiothreitol,D004229,32528424,PMC7247812
DTT,D004229,32528424,PMC7247812
urea,D014508,32528424,PMC7247812
phenylmethylsulfonyl fluoride,D010664,32528424,PMC7247812
PMSF,D010664,32528424,PMC7247812
ethylenediaminetetraacetic acid,D004492,32528424,PMC7247812
EDTA,D004492,32528424,PMC7247812
Tween 20,D011136,32528424,PMC7247812
Tween 80,D011136,32528424,PMC7247812
hydrogen peroxide,D006861,32528424,PMC7247812
Triton X-100,D017830,32528424,PMC7247812
copper,D003300,22295871,PMC3330824
water,D014867,22295871,PMC3330824
vermistatin,C051060,22295871,PMC3330824
salt,D012492,24214268,PMC3894706
water,D014867,24214268,PMC3894706
H2O2,D006861,24214268,PMC3894706
carbon,D002244,36937286,PMC10020504
ATP,D000255,36937286,PMC10020504
Na2CO3,D012964,36937286,PMC10020504
NaHCO3,D017693,36937286,PMC10020504
NaCl,D012965,36937286,PMC10020504
adenosine triphosphate,D000255,36937286,PMC10020504
Fructose-1-6-bisphosphatase,D005632,36937286,PMC10020504
Fructose-bisphosphate,C027652,36937286,PMC10020504
PXD037170,C487081,36937286,PMC10020504
sodium carbonates,C005686,26941731,PMC4766312
sulfur,D013455,26941731,PMC4766312
sugars,D000073893,26941731,PMC4766312
oxygen,D010100,26941731,PMC4766312
carbon,D002244,26941731,PMC4766312
sodium,D012964,26941731,PMC4766312
salt,D012492,26941731,PMC4766312
carbon,D002244,27278384,PMC4898372
water,D014867,27278384,PMC4898372
Carbon,D002244,27278384,PMC4898372
NaCl,D012965,27278384,PMC4898372
CO2,D002245,27278384,PMC4898372
lipid,D008055,27278384,PMC4898372
sulfur,D013455,20407798,PMC2898105
acetate,D000085,20407798,PMC2898105
propionate,D011422,20407798,PMC2898105
carbon,D002244,20407798,PMC2898105
polysulfide,C032915,20407798,PMC2898105
arsenate,C025657,20407798,PMC2898105
sulfide,D013440,20407798,PMC2898105
arsenite,C015001,20407798,PMC2898105
oil,D009821,27351338,PMC4924860
p-nitrophenyl butyrate,C033592,27351338,PMC4924860
urea,D014508,27351338,PMC4924860
guanidine,D019791,27351338,PMC4924860
ethanol,D000431,27351338,PMC4924860
propanol,D000433,27351338,PMC4924860
polysaccharide,D011134,22559199,PMC3403918
thiamine,D013831,22559199,PMC3403918
riboflavin,D012256,22559199,PMC3403918
heme,D006418,22559199,PMC3403918
cobalamin,D014805,22559199,PMC3403918
coenzyme F420,C015084,22559199,PMC3403918
carbon,D002244,22559199,PMC3403918
salt,D012492,24915287,PMC4051777
ABTS,C002502,24915287,PMC4051777
DMP,D014494,24915287,PMC4051777
caffeic acid,C040048,24915287,PMC4051777
promazine,D011395,24915287,PMC4051777
phenyl hydrazine,C030299,24915287,PMC4051777
tannic acid,D013634,24915287,PMC4051777
bilirubin,D001663,24915287,PMC4051777
NaCl,D012965,24915287,PMC4051777
copper,D003300,24915287,PMC4051777
EAP,C005448,30400922,PMC6220464
beta-1-3/1-6-glucan,C033671,30400922,PMC6220464
calcium,D002118,30400922,PMC6220464
risedronate sodium,D000068296,30400922,PMC6220464
RES,D000068296,30400922,PMC6220464
Mycosporine-2-glycine,C463482,24375141,PMC3957624
mycosporine-2-glycine,C463482,24375141,PMC3957624
shinorine,C494891,24375141,PMC3957624
glycine,D005998,24375141,PMC3957624
salt,D012492,24375141,PMC3957624
salt,D012492,31218179,PMC6571094
ethidium bromide,D004996,31218179,PMC6571094
maltose,D008320,31218179,PMC6571094
glucose,D005947,31218179,PMC6571094
sucrose,D013395,31218179,PMC6571094
urea,D014508,31218179,PMC6571094
NaCl,D012965,31218179,PMC6571094
CaCl2,D002122,31218179,PMC6571094
salt,D012492,20543878,PMC2881530
carbon,D002244,20543878,PMC2881530
oxygen,D010100,20543878,PMC2881530
acetate,D000085,20543878,PMC2881530
metal,D008670,26543264,PMC4627947
water,D014867,19840102,PMC2810447
sulfide,D013440,21479878,PMC3084936
sulfate,D013431,21479878,PMC3084936
formate,C030544,21479878,PMC3084936
H(2),D003903,21479878,PMC3084936
thiosulfate,D013885,21479878,PMC3084936
sulfite,D013447,21479878,PMC3084936
salt,D012492,18452025,PMC2525850
acetate,D000085,18452025,PMC2525850
nitrate,D009566,18452025,PMC2525850
nitrite,D009573,18452025,PMC2525850
N(2)O,D009609,18452025,PMC2525850
sodium,D012964,32321943,PMC7176717
silicate,D017640,32321943,PMC7176717
magadiite,C542338,32321943,PMC7176717
Arg,D001120,11029415,PMC94729
Lys,D008239,11029415,PMC94729
starch,D013213,11029415,PMC94729
alpha-aminoisobutyric acid,C100049,11029415,PMC94729
ATP,D000255,11029415,PMC94729
saline,D012965,27920761,PMC5118452
water,D014867,27920761,PMC5118452
phenol,D019800,27920761,PMC5118452
lignin,D008031,27920761,PMC5118452
water,D014867,17215355,PMC1783388
oil,D009821,24455210,PMC3880713
arsenate,C025657,19218420,PMC2663212
salt,D012492,19218420,PMC2663212
lipids,D008055,19218420,PMC2663212
sulfate,D013431,19218420,PMC2663212
BP,C038809,18048917,PMC2556953
water,D014867,20657662,PMC2904767
salt,D012492,19779762,PMC2797408
acetate,D000085,19779762,PMC2797408
formate,C030544,19779762,PMC2797408
glucose,D005947,19779762,PMC2797408
glycerol,D005990,19779762,PMC2797408
