species,SpeciesID,PMID,PMCID
A. alcalica,40169.0,36250323,PMC9672858
A. grahami,87886.0,36250323,PMC9672858
Alcolapia grahami,87886.0,36250323,PMC9672858
AMnr1,622665.0,19779762,PMC2797408
Bacillus arseniciselenatis,85682.0,19779762,PMC2797408
Bacillus sp. strai,622665.0,19779762,PMC2797408
enrichment,1566338.0,19779762,PMC2797408
enrichment culture,1566338.0,19779762,PMC2797408
ATCC 43099,13769.0,22559199,PMC3403918
Natrialba magadii,13769.0,22559199,PMC3403918
Natrialba magadii ATCC 43099,547559.0,22559199,PMC3403918
Acinetobacter baumannii,470.0,36094301,PMC9602519
Clostridium intestinale stra,1294142.0,36094301,PMC9602519
Pseudomonas aeruginosa PAO1,208964.0,36094301,PMC9602519
mammalian,9606.0,36094301,PMC9602519
Alkalibacillus haloalkaliphilus C-5,1193119.0,22887673,PMC3415526
Anditalea andensis,1048983.0,26171779,PMC4501810
Escherichia coli,562.0,26171779,PMC4501810
Pseudomonas aeruginosa,287.0,26171779,PMC4501810
Aphanothece,72020.0,24375141,PMC3957624
Aphanothece halophytica,72020.0,24375141,PMC3957624
E. coli,562.0,24375141,PMC3957624
Escherichia coli,562.0,24375141,PMC3957624
Arabidopsis,3702.0,24214268,PMC3894706
T. salsuginea,72664.0,24214268,PMC3894706
Thellungiella salsuginea,72664.0,24214268,PMC3894706
Xenopus,8355.0,24214268,PMC3894706
yeast,4932.0,24214268,PMC3894706
Arabidopsis,3702.0,34256694,PMC8278772
C. rosea,3825.0,34256694,PMC8278772
Canavalia rosea,3825.0,34256694,PMC8278772
Canavalia rosea (Sw.) DC,3825.0,34256694,PMC8278772
yeast,4932.0,34256694,PMC8278772
Arabidopsis thaliana,3702.0,33030592,PMC7561548
Caldalkalibacillus thermarum TA2.A1,986075.0,33030592,PMC7561548
Caldalkalibacillus thermarum strain,986075.0,33030592,PMC7561548
TA2.A1,986075.0,33030592,PMC7561548
Arthrospira,35824.0,28045976,PMC5207672
Arthrospira sp,35824.0,28045976,PMC5207672
Aspergillus,746128.0,31938738,PMC6953635
Aspergillus fumigatus,746128.0,31938738,PMC6953635
Bacillus subtilis,1423.0,31938738,PMC6953635
CBS 119416,1052096.0,31938738,PMC6953635
Candida albicans,5476.0,31938738,PMC6953635
Cladosporium,1052096.0,31938738,PMC6953635
Didymella glomerata,749621.0,31938738,PMC6953635
Epicoccum sorghinum,749593.0,31938738,PMC6953635
Escherichia coli,562.0,31938738,PMC6953635
Penicillium,5076.0,31938738,PMC6953635
Penicillium chrysogenum,5076.0,31938738,PMC6953635
Potato,4113.0,31938738,PMC6953635
Pseudomonas aeruginosa,287.0,31938738,PMC6953635
Schizophyllum commune,5334.0,31938738,PMC6953635
Aspergillus nidulans,162425.0,37367588,PMC10301932
Saccharomyces cerevisiae,4932.0,37367588,PMC10301932
human,9606.0,37367588,PMC10301932
Aspergillus niger,5061.0,30863668,PMC6393050
Escherichia coli,562.0,30863668,PMC6393050
Staphylococcus aureus,1280.0,30863668,PMC6393050
Aspergillus sp,5065.0,38225962,PMC10788403
Penicillium chrysogenum,5076.0,38225962,PMC10788403
biota,131567.0,38225962,PMC10788403
Aureobasidium pullulans,5580.0,30400922,PMC6220464
human,9606.0,30400922,PMC6220464
mice,10090.0,30400922,PMC6220464
women,9606.0,30400922,PMC6220464
B. atrophaeus,1452.0,31218179,PMC6571094
Bacillus atrophaeus,1452.0,31218179,PMC6571094
olive,4146.0,31218179,PMC6571094
yeast,4932.0,31218179,PMC6571094
B. clausii,79880.0,24915287,PMC4051777
B. subtilis,1423.0,24915287,PMC4051777
Bacillus clausii,79880.0,24915287,PMC4051777
E. coli,562.0,24915287,PMC4051777
B. pseudofirmus OF4,398511.0,18048917,PMC2556953
Bacillus pseudofirmus OF4,398511.0,18048917,PMC2556953
Bacillus subtilis,1423.0,18048917,PMC2556953
Escherichia coli,562.0,18048917,PMC2556953
B. subtilis,1423.0,30266724,PMC6238051
Bacillus subtilis,1423.0,30266724,PMC6238051
Cryptococcus) friedmannii,89922.0,30266724,PMC6238051
Exophiala sp. 15LV1,1550092.0,30266724,PMC6238051
Exophiala sp. strai,1550092.0,30266724,PMC6238051
Holtermanniella wattica,207911.0,30266724,PMC6238051
Holtermanniella watticus,207911.0,30266724,PMC6238051
Yeasts,4932.0,30266724,PMC6238051
yeast,4932.0,30266724,PMC6238051
yeasts,4932.0,30266724,PMC6238051
Bacillus,1925021.0,35587636,PMC9241684
Bacillus haynesii,1925021.0,35587636,PMC9241684
Euphrates poplar,75702.0,35587636,PMC9241684
P. euphratica,75702.0,35587636,PMC9241684
Populus euphratica,75702.0,35587636,PMC9241684
people,9606.0,35587636,PMC9241684
Bacillus,1408.0,27891113,PMC5102886
Bacillus pumilus,1408.0,27891113,PMC5102886
Panagrellus redivivus,6233.0,27891113,PMC5102886
human,9606.0,27891113,PMC5102886
Bacillus,260554.0,34681129,PMC8533444
Bacillus halotolerans,260554.0,34681129,PMC8533444
Bacillus amyloliquefaciens,1390.0,35137293,PMC8825895
Cloning,31851.0,35137293,PMC8825895
E. coli,562.0,35137293,PMC8825895
Escherichia coli DH5alpha,668369.0,35137293,PMC8825895
cloning vector (pUC19),31851.0,35137293,PMC8825895
Bacillus pseudofirmus OF4,398511.0,11029415,PMC94729
C. rosea,3825.0,35742848,PMC9223760
Canavalia rosea,3825.0,35742848,PMC9223760
yeast,4932.0,35742848,PMC9223760
C. rosea,3825.0,35052375,PMC8774410
Canavalia rosea,3825.0,35052375,PMC8774410
yeast,4932.0,35052375,PMC8774410
C. rosea,3825.0,33925342,PMC8123667
Canavalia rosea,3825.0,33925342,PMC8123667
yeast,4932.0,33925342,PMC8123667
C. thermarum TA2.A1,986075.0,37577439,PMC10416648
Caldalkalibacillus thermarum TA2.A1,986075.0,37577439,PMC10416648
Curvularia lonarensis,1912045.0,27920761,PMC5118452
Curvularia pseudorobusta,554547.0,27920761,PMC5118452
Curvularia sp.,1715225.0,27920761,PMC5118452
D. alkaliphilus,427926.0,37520367,PMC10376724
Dethiobacter alkaliphilus,427926.0,37520367,PMC10376724
strain Z,83561.0,37520367,PMC10376724
D. radiodurans,1299.0,20657662,PMC2904767
Deinococcus radiodurans,1299.0,20657662,PMC2904767
Deinococcus radiodurans DSM 20539,1121384.0,36000901,PMC9602452
patients,9606.0,36000901,PMC9602452
Desulfonatronovibrio,698827.0,21479878,PMC3084936
Desulfonatronovibrio magnus,698827.0,21479878,PMC3084936
Desulfonatronovibrio thiodismutans,617000.0,21479878,PMC3084936
Desulfonatronum,617002.0,21479878,PMC3084936
Desulfonatronum thioautotrophicum,617001.0,21479878,PMC3084936
Desulfonatronum thiosulfatophilum,617002.0,21479878,PMC3084936
Desulfurispira natronophila,682562.0,20407798,PMC2898105
enrichment cultures,1566732.0,20407798,PMC2898105
Dietzia sp,1871616.0,36031955,PMC9380404
E. coli,562.0,36362210,PMC9654485
Pseudothermotoga thermarum,119394.0,36362210,PMC9654485
E. coli,562.0,32528424,PMC7247812
Psychrobacter,56811.0,32528424,PMC7247812
Psychrobacter sp,56811.0,32528424,PMC7247812
E. coli,562.0,29932648,PMC6588267
E. coli,562.0,38252174,PMC10803503
Escherichia coli,562.0,38252174,PMC10803503
Oceanithermus profundus,187137.0,38252174,PMC10803503
T. sediminis,392725.0,38252174,PMC10803503
Tepidimonas sediminis,2588941.0,38252174,PMC10803503
E. coli,562.0,36131073,PMC9492658
Escherichia coli,562.0,36131073,PMC9492658
N. benthamiana,4100.0,36131073,PMC9492658
Nicotiana benthamiana,4100.0,36131073,PMC9492658
Escherichia coli,562.0,17215355,PMC1783388
H. marismortui,2238.0,17215355,PMC1783388
Haloarcula marismortui,2238.0,17215355,PMC1783388
G. thermoleovorans,33941.0,34669438,PMC8752141
Geobacillus,33941.0,34669438,PMC8752141
Geobacillus thermoleovorans,33941.0,34669438,PMC8752141
Geobacillus sp,1891658.0,31388592,PMC6667821
Halarsenatibacter silvermanii,321763.0,19218420,PMC2663212
Halorhabdus utahensis,146826.0,19218420,PMC2663212
SLAS-1,321763.0,19218420,PMC2663212
enrichment culture,1566338.0,19218420,PMC2663212
Horseradish,3704.0,29958498,PMC6026024
Hypsibius dujardini,232323.0,31624306,PMC6797769
Ramazzottius varieornatus,947166.0,31624306,PMC6797769
water bears,42241.0,31624306,PMC6797769
MS2,2710868.0,33255932,PMC7759928
Natronomonas pharaonis,2257.0,20543878,PMC2881530
P. salinarum,88271.0,36937286,PMC10020504
Picocystis,88271.0,36937286,PMC10020504
Picocystis salinarum,88271.0,36937286,PMC10020504
Penicillium rubrum,1266769.0,22295871,PMC3330824
human,9606.0,22295871,PMC3330824
Petrotoga mobilis,69499.0,27351338,PMC4924860
Rhodococcus sp. JG3,1305835.0,32833498,PMC7116095
Salinivibrio sp,1886796.0,28425950,PMC6154464
Staphylococcus arlettae,29378.0,24455210,PMC3880713
Thermus parvatiensis,456163.0,36721347,PMC9929850
a  delta,488839.0,35384246,PMC9325388
algae,569578.0,33819431,PMC8219186
algae,569578.0,32533304,PMC7347518
human,9606.0,32533304,PMC7347518
enrichment cultures,1566732.0,36569062,PMC9772273
enrichment cultures,1566732.0,18452025,PMC2525850
flamingos,435638.0,32321943,PMC7176717
green algae,3041.0,31087168,PMC6557878
purple bacteria,1224.0,31087168,PMC6557878
human,9606.0,26733008,PMC4679917
human,9606.0,28737704,PMC5532675
lima bean,3884.0,37427410,PMC10325857
metagenome,256318.0,30231921,PMC6146748
metagenomes,408169.0,30231921,PMC6146748
uncultured,198431.0,30231921,PMC6146748
uncultured prokaryote,198431.0,30231921,PMC6146748
metagenome,256318.0,36414646,PMC9681764
metagenomes,408169.0,34777269,PMC8581802
n. sp,37027.0,34389775,PMC8363662
purple bacteria,1224.0,35630403,PMC9146400
purple non-sulfur bacteria,1224.0,26941731,PMC4766312
