Gene,GeneID,Count,PMID
ADA,100,2,"[30086344, 30086344]"
CDH2,1000,3,"[37683805, 36976205, 26371759]"
cholinesterase,100033901,1,[25863020]
IFS1,100037450,1,[15356384]
PPT1,100037776,4,"[19880801, 26168137, 26168137, 26168137]"
lipoxygenase,100037803,2,"[19132874, 19132874]"
ZmLOX10,100037809,1,[28715485]
GmMYB29A2,100101837,1,[32209590]
CYP78A1,100126887,1,[10993158]
Hm2,100135421,1,[16839576]
pigA,100156880,1,[36410584]
Bcl-2-like protein 11,10018,2,"[29845223, 26871659]"
BX2,100192631,1,[10385992]
LAR2,100233112,2,"[32973337, 32973337]"
PAL,100251137,2,"[27656886, 27656886]"
serpin29,100272193,1,[33806171]
TI,100281057,2,"[19205484, 19205484]"
FB1-3,100282272,3,"[36006206, 23915226, 29258380]"
alpha-amylase,100283908,1,[29541880]
ascorbate peroxidase,100286773,2,"[37111926, 35898220]"
WAK,100304375,2,"[30178602, 30178602]"
All 1-5,100310785,1,[25913704]
MAPK,100381337,2,"[31627093, 31627093]"
CYP71C1,100382554,1,[11976964]
POD,100384480,1,[36175855]
miR-3131,100422957,1,[24528735]
hsa-miR-3613-,100500908,1,[37021806]
HvERF1/5,100505453,1,[27844244]
Occludin,100506658,2,"[18444159, 18444159]"
mucin,100508689,1,[25011108]
ovulation rate,100532570,1,[14506885]
ABC,10058,4,"[22536197, 24645852, 24645852, 22536197]"
PARP-1,100621034,1,[35888783]
Glb1,100736435,1,[37940862]
nitrate reductase,100736473,1,[37940862]
CAT,100773774,4,"[27465603, 26809139, 27465603, 26809139]"
CYP93B16,100783503,3,"[20132953, 20132953, 20132953]"
alpha-amylase,100792499,1,[24652711]
proteinase,100862683,1,[22404468]
high-affinity nitrate transporter,101027089,1,[37569319]
CYP3,10105,1,[20736090]
ha-1,101221783,1,[34314099]
PAL,101244220,6,"[37651951, 32410087, 32410087, 31280042, 37651951, 33374845]"
PPO,101258774,1,[37651951]
peroxidase,101503097,1,[27200003]
catalase,101513499,1,[27200003]
CDK,1017,4,"[25062475, 25062475, 22178684, 21225227]"
CDK4,1019,5,"[17516868, 25062475, 21225227, 15548174, 23682781]"
CDK6,1021,2,"[23682781, 22178684]"
CDK7,1022,2,"[32825344, 32825344]"
GAPDH,102577868,2,"[37610366, 37610366]"
StWRKY1,102583094,2,"[26417019, 29891775]"
phenylalanine ammonia lyase,102585026,1,[37372425]
StCCoAOMT,102586657,2,"[33141312, 33141312]"
StMet3-1,102593050,1,[7920699]
StMet3-2,102593763,1,[7920699]
Cip1,1026,5,"[23217280, 19293251, 23682781, 23682781, 17516868]"
cytochrome P450,102603857,1,[28786312]
Kip1,1027,2,"[19293251, 18362935]"
Cas-3,10278,1,[30508758]
bHLH7,103427273,1,[35931837]
zinc finger MYM-type protein 1-like,103443545,1,[35931837]
non-specific lipid transfer protein GPI-anchored 1,103452166,1,[35931837]
beta-1-3-glucanase,103454540,1,[37311718]
TNF,103694380,2,"[21592577, 21592577]"
alpha- beta-tubulin,10376,2,"[37849927, 16523442]"
peroxidase,103970153,1,[37220826]
TRP-2,104042,1,[27801787]
YAP1,10413,2,"[34303764, 34303764]"
TonB,1042220,1,[37651474]
TOMM40,10452,1,[33890134]
PAL,104601277,3,"[24884360, 24884360, 24884360]"
NSAP1,10492,2,"[24914891, 24914891]"
C/EBP-beta,1050,3,"[29234409, 22293124, 22293124]"
CCAAT/enhancer-binding protein beta,1051,1,[22293124]
Esa1,10524,1,[36760018]
cel,1056,1,[37021806]
SRB,10575,1,[29217480]
LTP,106410911,1,[23866620]
AP2,106411443,2,"[19694954, 19694954]"
caspase 8,106618890,1,[37328131]
Catalase,106620707,1,[37328131]
Peroxidase,106622457,1,[37328131]
alpha-amylase,106625105,1,[37328131]
trypsin,106626747,1,[37328131]
caspases 1 and 8,106626965,1,[37328131]
PGIP,107786571,1,[32947246]
SQUALENE SYNTHASE,107790933,1,[27507797]
FARNESYL DIPHOSPHATE SYNTHASE,107806551,2,"[27507797, 27507797]"
CaMNR1,107839158,3,"[18599651, 18599651, 18599651]"
GhLac1,107941712,1,[29229698]
CFTR,1080,1,[29475061]
SWR1,10847,1,[32594818]
ERF5,108511945,1,[37940862]
PGC-1alpha,10891,1,[31346342]
Pap,10914,1,[22569709]
COP9,10920,2,"[25142695, 31216760]"
BldD,1096915,1,[36354316]
methionine aminopeptidase 2,10988,1,[24116213]
TME,110080,1,[33218180]
AtfA,11016,1,[34302199]
Las,11019,1,[20030384]
MHC II,111364,1,[14519947]
IFN-beta,111654,1,[19857559]
mrl3,11222,1,[36760018]
ml-1,112744,1,[34920354]
AChE,11423,3,"[21779570, 32292060, 21779570]"
TRAP,11433,2,"[25789604, 25789604]"
adiponectin,11450,2,"[28630461, 23796217]"
Iba-1,114737,1,[33719004]
cis-1,1154,1,[28814712]
AT1R,11610,1,[30971441]
aid,11628,1,[33672606]
NRC,116464,1,[19399242]
AKT,11651,6,"[30149752, 33002297, 20937401, 27070586, 32171839, 16899239]"
JNK,116554,1,[25525886]
IL-2,116562,1,[37298777]
CCl4,116637,1,[32257880]
GRd,116686,3,"[32257880, 32257880, 22327557]"
ALP,11691,1,[36991200]
Gd3,117189,1,[35335320]
Keap1,117519,1,[24128039]
ApoE,11816,1,[25799023]
Abeta,11820,1,[26807743]
CsrA1,1183266,2,"[29261011, 29261011]"
CsrA2,1183485,2,"[29261011, 29261011]"
CsrA3,1185231,2,"[29261011, 29261011]"
IIA,11981,1,[17589870]
Bak,12018,1,[16893972]
Bax,12028,1,[30073232]
BChE,12038,1,[34153809]
Bcl2,12043,1,[30073232]
Cspg4,121021,2,"[27812322, 27812322]"
Den1/A,123228,1,[31216760]
CAT,12359,5,"[23796220, 21704694, 26388840, 22536281, 21704694]"
Caspase 3,12367,4,"[30073232, 26388840, 30606981, 23605930]"
Caspase6,12368,1,[26388840]
caspase-8,12370,1,[30606981]
Caspase9,12371,1,[26388840]
ISP2,123787,1,[33670308]
beta-catenin,12387,4,"[36272693, 33705950, 30668330, 27604096]"
cyclin D1,12443,4,"[21225227, 27604096, 19651243, 30668330]"
CD3,12503,7,"[33746061, 33445966, 19966494, 32305693, 32151636, 34153809, 20136448]"
CD4,12504,3,"[17947673, 33719004, 30988772]"
B7-1/-2,12519,1,[20107539]
KAI1,12521,1,[30668330]
E-cadherin,12550,2,"[26992741, 23468988]"
CDK4,12567,1,[19651243]
C/EBPalpha,12606,3,"[21080714, 31936890, 21080714]"
CCAAT/enhancer binding protein beta,12608,1,[21080714]
C/EBPdelta,12609,1,[21080714]
CFTR,12638,1,[29475061]
ChAT,12647,3,"[27809277, 32292060, 27809277]"
CB1,1268,2,"[36313355, 24288291]"
CB2,1269,1,[24288291]
paxB,127343,1,[23949005]
claudin-1,12737,1,[33807544]
CXCR2,12765,1,[26202360]
CCR2,12772,1,[30971441]
granulocyte-macrophage colony-stimulating factor,12981,2,"[22878139, 24593676]"
PARP,1302,9,"[21916504, 22285236, 29653168, 21241775, 25641103, 28359723, 30837881, 26870680, 25661342]"
CYP2E1,13106,2,"[31758991, 31758991]"
DCX,13193,2,"[30934760, 30934760]"
ADM,133,1,[36983477]
CRL,133396,1,[31216760]
ADORA2B,136,1,[25080434]
orf3,136991,1,[33406573]
CREB,1385,1,[36321740]
HER2,13866,2,"[21918170, 21918170]"
Esr1,13982,1,[27812322]
COX2,140540,1,[27192145]
F (10- 3- and 5,14058,1,[24559087]
PR,140738,2,"[24794733, 37532330]"
FAK,14083,2,"[26992741, 26992741]"
PARP,142,25,"[18481862, 18222036, 29549725, 35740903, 25442260, 26871659, 21468561, 30934922, 21394807, 17666799, 33166597, 26291658, 21122037, 22178684, 33389242, 21122037, 26871659, 26291658, 33166597, 23682781, 30934922, 18481862, 21394807, 18222036, 17666799]"
VEGFR-1,14254,1,[32171839]
c-fos,14281,1,[30668330]
CS,1431,2,"[26327534, 37949224]"
p38,1432,2,"[29653168, 31911173]"
CULLIN,143384,2,"[25142695, 31216760]"
CSL,1444,1,[31795147]
GATA-3,14462,1,[23848565]
CK2-alpha1,1457,1,[35628699]
ATF,14573,1,[18545860]
CXCL1,14825,1,[30149752]
bICP0,1487364,1,[35056637]
sanG,149775,1,[36607495]
beta-Catenin,1499,9,"[35406647, 35406647, 15986440, 30355923, 26445050, 28811522, 28887754, 34443375, 28688953]"
cathepsins B and L,1508,1,[21222136]
Th2,15111,1,[24593676]
TGR5,151306,1,[29655782]
cathepsins V and B,1515,1,[32189177]
mHS1,15163,1,[33531553]
CDP,1523,1,[33389242]
HIF-1alpha,15251,2,"[32171839, 32171839]"
HO-1,15368,7,"[25239868, 27070586, 37777167, 30149752, 27070586, 27070586, 30149752]"
cytochrome P450 1A1,1543,2,"[21913247, 29248571]"
CYP1A2,1544,1,[27457784]
HSP70,15511,1,[26388840]
CYP2C19,1557,1,[27457784]
Rev,155908,1,[9464413]
CYP3A4,1576,2,"[14742792, 27457784]"
OXA48,15842812,1,[35458737]
aromatase,1588,1,[36286059]
ICAM-1,15894,1,[20107539]
IDO,15930,1,[17947673]
CYP51,1595,1,[37623601]
Ifnb1,15977,2,"[38067514, 19857559]"
IFN-gamma,15978,8,"[20136448, 14519947, 12808294, 20937400, 28360029, 36991200, 20937400, 20937400]"
Dao,1610,1,[32495540]
IL-10,16153,3,"[25457483, 20136448, 24593676]"
IL-13,16163,1,[23848565]
IL-17A,16171,3,"[37719372, 37719372, 37719372]"
IL-1beta,16175,7,"[25982420, 30183250, 33807544, 20107539, 25457483, 14519947, 28360029]"
interleukin-1beta,16176,2,"[23796217, 28630461]"
IL-2,16183,2,"[36991200, 14519947]"
IL-4,16189,1,[23848565]
IL-5,16191,1,[23848565]
IL-6,16193,24,"[25982420, 28360029, 29566694, 21704694, 14519947, 36272693, 33705950, 33807544, 20107539, 22126586, 30073232, 35408555, 18642845, 24049493, 19651243, 26559695, 31892211, 25457483, 31398401, 36272693, 33705950, 28630461, 19651243, 29566694]"
ACE,163,1,[38067519]
ACE,1636,2,"[35840188, 35840188]"
IRF-1,16362,2,"[20937400, 20937400]"
LEM,163747,1,[1513372]
CD11b,16409,2,"[19966494, 30971441]"
JAK2,16452,2,"[29609012, 29609012]"
AP-1,16476,5,"[19651243, 22083926, 22083926, 19651243, 30668330]"
CHOP,1649,1,[34070303]
VEGF receptor-2,16542,4,"[32171839, 32171839, 29609012, 29609012]"
AFG2,166378,1,[30468840]
KRAS,16653,1,[30577618]
mL(-1),16728,31,"[24652711, 21351753, 29231891, 34575727, 28369962, 31890967, 35494752, 35675545, 30445856, 34314099, 31027820, 25380370, 31410414, 31553036, 33885655, 33918943, 34575718, 28484977, 32767646, 25642401, 32801568, 31455975, 23460242, 33809896, 25415350, 29323531, 31930836, 29944364, 28659907, 31710143, 32230978]"
Mac-3,16784,1,[19966494]
COX-2,16793023,1,[23357630]
leptin,16846,3,"[23796217, 28630461, 33705950]"
Ly6C,17067,1,[30971441]
MD-2,17087,1,[24532584]
MDM2,17246,1,[26992741]
sod-2,172632,1,[27554775]
NQO1,1728,2,"[29248571, 27159021]"
DAF-16,172981,3,"[27554775, 27647012, 27554775]"
MITF,17342,2,"[27801787, 27801787]"
Ki-67,17345,3,"[29048673, 33705950, 36272693]"
MMP1,17386,1,[37312734]
MMP7,17393,1,[37312734]
MMP-9,17395,3,"[29510517, 32171839, 32171839]"
sod-1,174141,1,[27554775]
DAF-7,175237,1,[25303524]
ATPase,1769,1,[19517454]
COX-2,17709,2,"[30073232, 25457483]"
mucin2,17831,1,[33807544]
DNA methyltransferase,1786,3,"[34086936, 36286441, 34086936]"
hsp16.2,178659,1,[27554775]
MyD88,17874,1,[17947673]
Nrf2,18024,6,"[37777167, 27070586, 30149752, 31256391, 30149752, 27070586]"
NF-kappaB,18033,21,"[37777167, 36755021, 20107539, 31640118, 29510517, 33672606, 16899239, 19651243, 25457483, 34352712, 31892211, 34361637, 20937401, 25355452, 32992840, 25355452, 32992840, 25457483, 16899239, 20937401, 31640118]"
IkappaB alpha,18035,4,"[16899239, 20937401, 20937400, 29566694]"
iNOS,18126,27,"[16899239, 23517145, 33233743, 20224909, 21704694, 20937400, 36991200, 34822456, 30149752, 19857559, 25457483, 21277968, 31892211, 25355452, 19651243, 22083926, 19857559, 30149752, 22083926, 33233743, 25355452, 32397523, 20937400, 21704694, 19651243, 16899239, 24547933]"
trypsin-like serine protease,18165515,1,[27642126]
sod-3,181748,1,[27554775]
occludin,18260,2,"[28630461, 33807544]"
PCNA,18538,3,"[30934760, 30934760, 27604096]"
cFP,18636,1,[25561711]
PPARalpha,19013,2,"[35860381, 35860381]"
PPAR-gamma,19016,8,"[23848565, 31936890, 21080714, 20107539, 23848565, 21080714, 31936890, 31256391]"
PRP,19131,1,[32171839]
PS1,19164,1,[26807743]
EF-1 alpha,1917,3,"[20307326, 30633747, 30633747]"
COX 2,19225,13,"[33233743, 19651243, 21704694, 20224909, 30149752, 33233743, 31256391, 19651243, 32397523, 20224909, 32992840, 21704694, 30149752]"
PTP1B,19246,3,"[32397523, 32397523, 32397523]"
EGF,1950,3,"[27939989, 31893233, 26371759]"
AhR,196,9,"[26382631, 36160406, 37662726, 35056637, 34122415, 36160406, 35056637, 34122415, 26382631]"
Rb1,19645,2,"[9933987, 9436194]"
Rb2,19651,1,[9436194]
Reg3g,19695,1,[28630461]
p65,19697,2,"[19651243, 37777167]"
MLKL,197259,1,[35931117]
eIF4E,1977,1,[23468988]
eIF4G,1981,1,[23468988]
elastin,2006,1,[36768574]
FXR,20186,5,"[35173042, 30392748, 35173042, 35173042, 30392748]"
EN1,2019,1,[31795147]
CCL2,20296,2,"[30971441, 25799023]"
CCl4,20303,1,[25418207]
IL-8,20309,1,[29510517]
MIP-2,20310,2,"[16020192, 16020192]"
CXCL12,20315,2,"[25799023, 25799023]"
Foxp3,20371,1,[17947673]
SP-D,20390,2,"[16020192, 16020192]"
EphB1,2047,1,[36797277]
ERK,2048,1,[27939989]
Slug,20583,1,[26992741]
HER2,2064,3,"[25442282, 21918170, 25442282]"
AKT,207,26,"[30934922, 31163640, 22464013, 25442282, 36976205, 23468988, 33846818, 31280524, 30837881, 32295926, 38067576, 17516868, 25360754, 27939989, 28359246, 21468561, 32096436, 23747344, 17666799, 28359723, 30987066, 25806467, 31893233, 30355923, 31109134, 31109134]"
hERG,2078,2,"[26024438, 22694270]"
SREBP-1c,20787,2,"[31936890, 31936890]"
AKT2,208,1,[30837881]
IRE1alpha,2081,1,[34070303]
STAT3,20848,3,"[30618745, 29609012, 29609012]"
signal transducer and activator of transcription 6,20852,1,[23848565]
ER,2099,12,"[17438068, 37683805, 37662726, 37683805, 36165278, 17438068, 8031711, 31596610, 16751557, 26056942, 36575224, 26056942]"
Alb,213,5,"[35566312, 34308039, 2200593, 29100800, 34308039]"
Y (2 and 3,21354,1,[32330576]
cGAS,214763,1,[38067514]
TR,2149,1,[30844108]
ALDH1,216,5,"[31795147, 36797277, 30441806, 31795147, 30441806]"
NLRP3,216799,1,[36755021]
FA1,2175,2,"[33806727, 9251171]"
TGF-beta1,21803,1,[25799023]
TH,21823,1,[33719004]
mL,21832,7,"[26906638, 31936472, 22039419, 35255883, 1640360, 16989537, 23805902]"
FA2,2187,2,"[9251171, 33806727]"
TLR4,21898,4,"[34352712, 26559695, 24532584, 26559695]"
TNF-a,21926,35,"[16020192, 29566694, 12808294, 30073232, 19651243, 14519947, 33705950, 20107539, 22840014, 31892211, 21277968, 18642845, 25457483, 31398401, 21704694, 33807544, 26559695, 16899239, 25982420, 24049493, 35408555, 28360029, 20136448, 20224909, 38067514, 16899239, 16020192, 14519947, 33705950, 23510283, 19651243, 20136448, 28630461, 23796217, 29566694]"
FASN,2194,3,"[25442282, 16256699, 25442282]"
RANKL,21943,1,[25789604]
TPI,21991,1,[29549725]
FcepsilonRI,2205,1,[16213796]
tyrosinase,22173,1,[27801787]
TRP-1,22178,2,"[27801787, 27801787]"
FDFT1,2222,4,"[33890134, 33890134, 26643964, 1429235]"
FPS,2224,2,"[26803304, 26803304]"
VEGF,22339,9,"[29655782, 25799023, 19754167, 32171839, 29609012, 29609012, 19754167, 32171839, 23796217]"
HST,2249,2,"[29288760, 22931103]"
TRIF,225471,1,[17947673]
TGR5,227289,1,[36755021]
RRAS-2,22800,1,[31673827]
PAO1,228608,1,[19054330]
SPS-2,22928,1,[36144391]
SPS,22929,1,[36144391]
Lip,23049,1,[19797788]
Phr,23077,1,[25559405]
FOXO1,2308,1,[30934922]
Foxo3,2309,1,[26098777]
aldose reductase,231,2,"[26473887, 20603199]"
ICOSL,23308,1,[36160406]
syn,23336,1,[18319144]
FN1,2335,2,"[24718855, 36768574]"
SIRT1,23411,4,"[31018574, 31346342, 32825344, 31018574]"
S-adenosylmethionine (SAM) synthetase,23467989,3,"[21989639, 21989639, 21989639]"
laccase,23504612,1,[35906994]
G6PDH,23504891,2,"[22112266, 22112266]"
AP-1,2353,3,"[29234409, 29234409, 28811522]"
AP-1,2354,1,[15781230]
AST,235504,7,"[36991200, 18406549, 24559087, 30704622, 23796220, 30704622, 23796220]"
FMLP,2357,2,"[23822585, 23647825]"
apoptosis-related protein,23591,1,[26349514]
asp2,23621,1,[36166052]
MD-2,23643,2,"[24532584, 38045060]"
mL(-1),23961,1,[25288148]
cob,24161221,1,[33166617]
Akt,24185,4,"[25128810, 25159861, 26221612, 25288148]"
aldose reductase,24192,2,"[23458199, 16833015]"
Bcl-2,24224,1,[25128810]
CAT,24248,8,"[32257880, 30473664, 28752930, 32160646, 25128810, 26221612, 28752930, 32257880]"
cytochrome P4501A1,24296,1,[9296363]
ERK,24338,3,"[25128810, 25288148, 25525886]"
glucose-6-phosphate-dehydrogenase,24377,1,[29356583]
heme oxygenase-1,24451,1,[25128810]
interleukin-1beta,24494,1,[22327557]
IL-6,24498,3,"[32179464, 27402683, 27402683]"
KRAS,24525,1,[30577618]
iNOS,24599,1,[35094261]
AFG1,246269,1,[30468840]
DARK,246855,1,[31673827]
PTP1B,24697,2,"[17279797, 17279797]"
FRAP,2475,11,"[24206732, 27272544, 33218179, 28245124, 38067576, 30123617, 28359246, 23468988, 23468988, 30123617, 28245124]"
CXCL12,24772,1,[26221612]
TNF-alpha,24835,6,"[32179464, 31926986, 25525886, 27402683, 26300947, 22327557]"
B1- B2- G1,24861,1,[19399242]
Bax,24887,1,[25128810]
estrogen receptor,24890,1,[23772114]
AlP,250,2,"[27401186, 27401186]"
NK2 receptor,25007,1,[7515038]
cytochrome P450- cytochrome b5,25251,1,[11727790]
IL-10,25325,2,"[18279796, 11777845]"
Fyn,2534,1,[32825344]
GSD-1,2538,1,[30993742]
caspase 3,25402,3,"[15757498, 25128810, 25692332]"
ku70,2547,1,[29557773]
Gab1,2549,1,[27939989]
beta-amyrin synthase,25491157,1,[22039103]
PC9,255738,1,[30037018]
leptin,25608,1,[29356583]
Smad3,25631,1,[24128039]
PPARgamma,25664,2,"[24752777, 24752777]"
Annexin V,25673,1,[25692332]
MAK,25677,1,[24369991]
AhR,25690,2,"[10721082, 9296363]"
AST,25721,2,"[27402683, 27402683]"
TRAP,25732,2,"[24174985, 24174985]"
proliferating cell nuclear antigen,25737,1,[26221612]
Fbx,25793,1,[31216760]
TRIVIDRAFT_90152,25798917,1,[34168625]
D1- p-Rb,25802,1,[22178684]
omp85,25813,2,"[25939848, 25939848]"
UDP-galactose 4-epimerase,2582,1,[11726498]
TrxR,25824,2,"[19941471, 19941471]"
asp1,25825,1,[36166052]
SSP1,26054,1,[36836253]
Tip,261726,1,[30103481]
Lyp,26191,2,"[27939989, 30205507]"
COX-2,26198,1,[35094261]
Fbx23,26262,1,[31216760]
ERbeta,26284,1,[12828470]
glucagon,2641,2,"[36937284, 35211458]"
ERK,26413,4,"[29566694, 25457483, 32992840, 32992840]"
p38,26416,4,"[19651243, 29566694, 25457483, 27070586]"
ERK-1/2,26417,5,"[20937401, 23468988, 19651243, 30971441, 34361637]"
JNK,26419,5,"[25457483, 19651243, 29566694, 20937401, 34361637]"
AST,26503,1,[21540101]
AN2,26610,1,[30650514]
CA,266790,2,"[21740099, 21740099]"
TIM,26762,1,[30445040]
cyclin B1,268697,1,[19651243]
CTXM-15,2716485,1,[36899290]
fil1,27179,1,[19443619]
beta-galactosidase,2720,1,[37235378]
Gli,2735,6,"[31795147, 30441806, 36797277, 30441806, 31795147, 30441806]"
Gli2,2736,2,"[36797277, 30441806]"
HtrA2,27429,1,[26870680]
Grx,2745,2,"[19941471, 19941471]"
Hydrophobin,27677088,2,"[36374077, 36374077]"
IL-8,280828,1,[38002956]
tumor necrosis factor-alpha,280943,1,[35931488]
MCP-1,281043,1,[38002956]
IFN-gamma,281237,1,[38002956]
IL-1alpha,281250,2,"[38002956, 35931488]"
STAT5A,282375,1,[24312879]
OVA,282665,6,"[31546903, 31488035, 19416507, 19416507, 31546903, 31488035]"
ANG,283,1,[25185869]
nonribosomal peptide synthetase,28379504,1,[26704531]
penicillin-binding protein,28381262,1,[36070164]
clumping factor A,28381647,1,[36070164]
P-gp,283871,2,"[22536197, 28606042]"
peroxidase,28721236,1,[21725501]
IL-4,287287,2,"[11777845, 11777845]"
alanine aminotransferase,2875,1,[37180439]
J-2 and J-3,28831,1,[32508319]
A2a,28882,1,[28358337]
beta-(1 3,28888,3,"[29256842, 19770064, 32370108]"
B1 and G1,28905,3,"[15281234, 15281234, 15156025]"
J-2 and J-3,28949,1,[32508319]
cyclic adenosine monophosphate protein (cAMP) dependent protein kinase A,29108831,1,[31973852]
GAPDH,29109298,2,"[31973852, 31973852]"
O-methyltransferase,29111727,1,[30947377]
chitinase,29112602,1,[30227935]
cytochrome p450- sterol desaturase,29112906,1,[29853165]
endoPG,29114947,2,"[37935846, 37935846]"
mitogen-activated protein (MAP) kinase,29119845,1,[30967462]
PD-L1,29126,4,"[35887442, 36160406, 37662726, 35887442]"
AR,29183,2,"[9870716, 9870716]"
PDIA3,2923,1,[31280524]
DNA polymerase beta,29240,2,"[14981314, 9514006]"
thrombin,29251,1,[21788727]
ANT,293,1,[36527127]
GSK-3beta,2931,1,[30355923]
GSK3beta,2932,1,[36947936]
glutathione reductase,2936,1,[12963009]
nitrite reductase,29361354,1,[23360460]
FB(1),29844,2,"[12324191, 9251171]"
dipeptidyl aminopeptidase II,29952,1,[17660441]
cellulase,29983681,1,[31267375]
ANXA1,301,1,[31280524]
IL-17,301289,1,[37298777]
H2AX,3014,3,"[30552586, 30552586, 30552586]"
H2A.Z,3015,1,[32594818]
ANXA2,302,1,[31280524]
tyrosinase,30207,1,[37110512]
MPO,303413,2,"[27402683, 27402683]"
HBE,3046,1,[37108944]
fli1,30619,1,[31989798]
rpd3,3065,1,[35887470]
HexA,3073,2,"[16256699, 16256699]"
HexB,3074,2,"[16256699, 16256699]"
Annexin V,308,17,"[28359723, 28728544, 33385937, 29805569, 34331181, 37894138, 21468561, 25806467, 33029139, 24368570, 26291658, 30974882, 21122037, 25537793, 36338578, 33389242, 36557944]"
HIF-1,3091,5,"[36598091, 32228434, 36976205, 31280524, 36976205]"
SIRT1,309757,1,[31018574]
NGF,310738,7,"[16881016, 28758954, 22203867, 25288148, 21530015, 21530015, 25288148]"
VIT,313831,1,[30473664]
c-Fos,314322,1,[25159861]
HMGB1,3146,1,[35931117]
HMGR,3159,3,"[33386071, 37197561, 26803304]"
HO-1,3162,6,"[21540101, 37597647, 23612372, 34575836, 34575836, 37351768]"
APAF-1,317,1,[31673827]
C1/C2 (5/6,3183,1,[1548191]
HNRNPH1,3187,1,[31280524]
adenomatous polyposis coli,324,1,[26445050]
HRAS,3265,1,[24718855]
APX,328,1,[36363809]
Hes-1,3280,2,"[36797277, 31795147]"
IAP-1 and -2,330,3,"[19861509, 17666799, 17666799]"
HSPA4,3308,2,"[31280524, 21684316]"
HSPA5,3309,1,[31280524]
X-linked inhibitor of apoptosis protein,331,2,"[17666799, 17666799]"
HSPA8,3312,1,[31280524]
HSP90,3320,2,"[22991673, 22991673]"
Mitogen-Activated Protein Kinase,3354888,2,"[30389761, 30389761]"
apolipoprotein B100,338,1,[32697756]
ICAM-1,3383,5,"[12765878, 36498968, 21093573, 36498968, 34575836]"
IDH,3417,3,"[29738972, 29738972, 19291250]"
IFNbeta,3438,1,[26068271]
IFN-alpha,3439,2,"[22076990, 22076990]"
IFN-gamma,3458,8,"[19009233, 24867795, 35973736, 21918170, 16169168, 35001312, 34575836, 36498968]"
major products B1- B2- G1,350,1,[21038701]
Abeta,351,6,"[29766796, 37949224, 30158491, 37949224, 32474470, 9578144]"
PSA,354,3,"[15986440, 15986440, 21147815]"
APO-1,355,2,"[26327534, 26327534]"
IL-1,3552,10,"[10096130, 35635755, 10096130, 23612372, 25404219, 28947170, 24838618, 24867795, 32344935, 10096130]"
IL-2,3558,3,"[27165325, 24867795, 35973736]"
CD25,3559,1,[35973736]
Fas ligand,356,3,"[21916504, 26098777, 30606981]"
IL-4,3565,2,"[35001312, 19009233]"
HSF,3569,10,"[22135889, 31489456, 10096130, 27165325, 35635755, 22126586, 19009233, 36498968, 38009054, 37789186]"
IL-8,3576,6,"[36498968, 23431343, 29408666, 38009054, 36498968, 34575836]"
IL-10,3586,1,[38009054]
IL-13,3596,1,[16213796]
interleukin-17A,3605,1,[35296854]
IMPDH2,3615,1,[37175852]
IDO1,3620,7,"[26382631, 34065885, 27457784, 34065885, 34065885, 26382631, 27457784]"
BUFFY,36251,1,[31673827]
insulin,3630,10,"[29915997, 32683035, 35635755, 33411984, 32407267, 33373432, 23612372, 28635658, 34004479, 34561081]"
ship,3635,1,[23525893]
aquaporin-9,366,1,[36768574]
IRF3,3661,2,"[33825097, 33825097]"
AR,367,7,"[17438068, 21147815, 36662227, 27355960, 21147815, 17438068, 36662227]"
CD11b,3684,3,"[22293124, 22564240, 18778764]"
CD11c,3687,1,[22564240]
ITGB1,3688,1,[25080434]
pks2,369,1,[26505484]
COX2 and 5,3703584,1,[33652111]
COX1,3703585,1,[33652111]
involucrin,3713,1,[36498968]
JAK,3717,3,"[23880305, 36498968, 23880305]"
c-Jun,3725,2,"[25360754, 28811522]"
AP-1,3726,2,"[21093573, 26371759]"
GST,373156,2,"[30075079, 30075079]"
KAI1,3732,1,[26371759]
lysyl-tRNA synthetase,3735,1,[22704625]
MK-1,3736,1,[16794340]
AR,374,2,"[9870716, 9870716]"
ARF1,375,1,[21457368]
Kv11.1,3757,1,[26024438]
HCN,378938,1,[15242282]
VEGFR,3791,5,"[25185869, 34811848, 29609012, 33846818, 34811848]"
TORC1,382056,6,"[34972198, 31893233, 31018574, 22519596, 33846818, 34972198]"
Eg5,3832,1,[35268740]
GPx,384001,1,[36991200]
KRAS,3845,2,"[37355668, 23588713]"
RAS64B,38494,1,[31673827]
Iron,3853509,2,"[34803944, 34803944]"
cytokeratin-14,3861,1,[36768574]
RhoA,387,2,"[28811522, 16473668]"
microRNA-29a,387222,1,[36272693]
Lac,3938,1,[19797788]
iNOS,395807,1,[32055207]
IFN-gamma,396054,1,[32055207]
albumin,396197,1,[27044011]
Mbp,396217,1,[34678442]
COX-2,396451,2,"[32055207, 32055207]"
interleukin-2,396868,1,[31947842]
RhoGDI2,397,1,[24710897]
caspase 3,397244,1,[35888783]
lig4,3981,1,[29557773]
UGT,40055,1,[28746736]
LPO,4025,1,[30693585]
PEPCK,403165,1,[31285248]
IL-8,403850,1,[33184275]
CD4,404704,1,[27128894]
ARNT,405,1,[37662726]
cytochrome P450,4051,1,[14742792]
SAP,4068,1,[29545735]
lysozyme,4069,1,[28931063]
miR-21-5p,406997,1,[29743060]
Smad2/3,4087,2,"[19009233, 33809098]"
methionyl-tRNA synthetase,4141,1,[20678224]
ALP,414873,1,[27044011]
Mbp,4155,3,"[32060621, 25015739, 34746476]"
MCAM,4162,1,[24718855]
IL-4,416330,1,[32055207]
MDM2,4193,1,[12613590]
RP9,420747,1,[16553274]
C-Met,4233,2,"[26744260, 26744260]"
SCF,4254,1,[31216760]
FADD,42594,1,[31673827]
AFF1,4299,1,[22221359]
AChE,43,21,"[29749305, 37999391, 37357520, 37757923, 38202796, 37423890, 37683876, 30158491, 25192355, 37423890, 37110485, 29749305, 37683876, 37110485, 29749305, 37999391, 38202796, 37357520, 30158491, 37757923, 38079052]"
NEP,4311,3,"[29766796, 29766796, 29766796]"
MMP-1,4312,2,"[29048673, 30109192]"
MMP-2,4313,6,"[20447056, 29048673, 36976205, 30109192, 18946196, 18946196]"
MMP-7,4316,5,"[29234409, 23588713, 28887754, 29234409, 23588713]"
MMP-9,4318,3,"[17562555, 37683805, 17562555]"
Toll,43222,1,[23638376]
DRICE,43514,1,[31673827]
ABCC1,4363,2,"[19517454, 19517454]"
spike,43740568,1,[34746476]
E,43740570,1,[36159744]
PLpro,43740578,5,"[33825097, 34746476, 34242870, 33339096, 33825097]"
Msi-1,4440,2,"[36797277, 30441806]"
COX-2,4513,2,"[23612372, 37110485]"
CYP,45282,1,[28746736]
Diphosphomevalonate decarboxylase,4597,1,[36813111]
MX1,4599,1,[31280524]
MYB,4602,1,[36144275]
Myc,4609,6,"[20552443, 30837881, 31109134, 22178684, 28811522, 19393284]"
MYD88,4615,1,[38045060]
Atf1,466,1,[34302199]
ATF4,468,1,[34070303]
ndufs8,4728,1,[35887413]
Nedd8,4738,1,[31216760]
AhR,475251,2,"[36421238, 36421238]"
NP,475393,2,"[36421238, 36421238]"
Neuraminidase,4758,3,"[37999391, 37999391, 37999391]"
Nrf-2,4780,10,"[21540101, 37351768, 34443375, 36321740, 24728716, 27178040, 28041784, 28450128, 24728716, 27178040]"
NF-kappaB,4790,14,"[23533483, 32295926, 30688672, 23336512, 29773004, 23431343, 19861509, 22519596, 36498968, 34443375, 23612372, 24391470, 30688672, 22519596]"
IkappaB-alpha,4792,2,"[23431343, 23612372]"
NGF,4803,5,"[17320402, 27588730, 36362380, 17320402, 36362380]"
NK3,4824,1,[7515038]
nm23-H1,4830,1,[27941649]
iNOS,4843,1,[27159021]
Notch-1,4851,2,"[36797277, 31795147]"
ACR,49,1,[28848500]
NT5E,4907,2,"[25080434, 25080434]"
TrkB,4915,1,[36321740]
orf-2,4924652,1,[1311842]
LOX-1,4973,1,[37110485]
OMP,4975,1,[25939848]
mHSR1,50497,1,[33531553]
pH,5053,2,"[25230522, 34844367]"
IL-22,50616,1,[26382631]
fatty acid synthase,50671,1,[29356583]
GSK-3beta,50686,1,[25128810]
ERK1/2,50689,2,"[25128810, 28758954]"
Zervamicins IIA and IIB,50771,1,[17589870]
JAM-A,50848,2,"[37108944, 37108944]"
Keap1,50868,1,[37777167]
PC,5091,2,"[36087724, 36087724]"
pHs,5092,1,[15112060]
IL-22,50929,1,[33719004]
FAME,50968,1,[26286349]
DESI,51029,1,[31112181]
PCNA,5111,2,"[21225227, 15986440]"
pgaR,51129,1,[36255295]
PD-1,5133,2,"[35887442, 35887442]"
iNOS,51477,2,"[34203256, 23612372]"
orf5,51503,1,[33406573]
SIRT6,51548,1,[29515203]
P-20,51673,1,[37365694]
ATX,5168,1,[38147116]
IL-6,517016,1,[35931488]
CD31,5175,1,[15986440]
cFP,5199,1,[25561711]
PFKFB3,5209,1,[34303764]
PFK1 and 2,5213,1,[34303764]
PGD,5226,2,"[29849117, 29849117]"
ABCB1,5243,9,"[19517454, 26222905, 36983477, 26222905, 16019806, 26222905, 16019806, 28606042, 36976227]"
A1a,5265,1,[24349254]
phosphoinositide-3-kinase,5293,2,"[23468988, 23747344]"
PI3Kgamma,5294,1,[28359246]
PKM2,5315,3,"[32507600, 32507600, 32507600]"
PLA2,5319,4,"[9578144, 20955150, 9578144, 20955150]"
uPA,5328,2,"[22033405, 22033405]"
LH-1,5351,1,[36312981]
DEBCL,53585,1,[31673827]
PL,5406,6,"[37999391, 37999391, 28006918, 38079052, 36216138, 37999391]"
Mart,5414,1,[31100435]
TPS1,541974,1,[23751979]
PAO,541983,1,[36371871]
PRX1,542029,4,"[36857007, 31652440, 22475000, 37569319]"
Cyt-C,54205,19,"[30355923, 26870680, 18222036, 30355923, 30355923, 30934922, 26870680, 30860609, 19861509, 25268882, 18481862, 21916504, 28728544, 25641103, 18222036, 26871659, 26291658, 29545735, 15949805]"
BENZOXAZINELESS1,542117,4,"[21730199, 21730199, 21730199, 21730199]"
ZmAn2,542165,1,[29132306]
P1 (pericarp color 1,542272,1,[31996735]
CAT3,542370,1,[22383877]
Calmodulin,542465,2,"[31935649, 31935649]"
APX,542476,1,[36371871]
LLS1,542575,1,[35303096]
RPB1,5430,1,[23357352]
RPB2,5431,2,"[23357352, 37252052]"
pap1,543510,1,[35760884]
GOX,54363,2,"[33169928, 33169928]"
oxidoreductase,543818,1,[28338918]
ERF2,543866,1,[37940862]
PO,543959,3,"[37651951, 32410087, 37651951]"
beta-1-3 glucanase,543987,1,[11106022]
CAT,543990,2,"[37651951, 37651951]"
lipoxygenase,543994,2,"[31838316, 31542655]"
Lox C,544008,1,[37940862]
Pti-5,544042,1,[35862794]
MYB,544113,1,[28980117]
MAT1-1,544155,2,"[37746203, 37746203]"
EXT-3,544158,2,"[37940862, 37940862]"
FAD7,544203,2,"[32337100, 32337100]"
SOD,544259,2,"[32410087, 32410087]"
ERF3,544260,1,[37940862]
UGT1A9,54600,1,[27457784]
INO80,54617,1,[32594818]
PPAR,5465,3,"[32683035, 31346342, 24728716]"
PPAR-gamma,5468,3,"[24728716, 24401848, 24728716]"
PDH,54704,3,"[31817301, 31817301, 31817301]"
SLC25A38,54977,1,[26821380]
ToF,55079,1,[29500428]
Brix,55299,1,[33268164]
orf1,55354,1,[33406573]
Sage,55511,2,"[24129950, 24129950]"
AMPK,5562,1,[31346342]
AMPK,5563,1,[32683035]
C,55832,2,"[31213557, 31213557]"
ERK,5594,11,"[29653168, 31893233, 21093573, 32128278, 36321740, 22293124, 20447056, 31911173, 29653168, 22293124, 21093573]"
ERK1/2,5595,5,"[25442282, 29234409, 20447056, 20447056, 25360754]"
JNK,5599,8,"[30123617, 19861509, 33166597, 31911173, 29653168, 19861509, 33166597, 30123617]"
cryptic,55997,9,"[34221811, 22097802, 20467781, 22126067, 28358596, 21768386, 26225453, 28229977, 24085397]"
prolactin,5617,1,[37662599]
PRS,5640,1,[35723692]
Foxo3,56484,1,[26098777]
dectin-1,56644,1,[22878139]
mTOR,56717,2,"[28245124, 23468988]"
TOMM22,56993,1,[33890134]
CTR1,5719129,1,[23423950]
CYC6,5723799,3,"[23423950, 23423950, 23423950]"
platelet activating factor receptor,5724,1,[30061613]
COPT1,5726486,1,[23423950]
CTX),57276,1,[27604096]
PTEN,5728,2,"[25806467, 25806467]"
PC3,57332,1,[24132497]
aid,57379,6,"[29156005, 31020039, 26686621, 35616785, 21717315, 24651031]"
cytochrome P450 monooxygenase,57404,2,"[27274078, 32814804]"
cyclooxygenase 2,5743,2,"[16219483, 19649732]"
FAK,5747,3,"[33846818, 29234409, 31109134]"
PTMs,5763,1,[35622565]
PTP1B,5770,8,"[35524660, 23612372, 28635658, 23770564, 27939989, 28635658, 23612372, 28635658]"
Shp1,5777,1,[27939989]
Bak,578,2,"[25537793, 16893972]"
Shp2,5781,1,[27939989]
PTPRA,5786,1,[27939989]
BAX,581,32,"[37894482, 28359723, 28728544, 19861509, 29653168, 30934922, 28041784, 23217280, 24071573, 22285236, 36583050, 25661342, 32096436, 19393284, 21122037, 25641103, 21916504, 24368570, 21241775, 25537793, 31374354, 26871659, 25268882, 30355923, 29545735, 30414102, 29805569, 18222036, 26291658, 29845223, 23747344, 24815470]"
paxillin,5829,2,"[35887442, 29234409]"
AmpC,5850688,1,[34119841]
Rac1,5879,2,"[28811522, 26371759]"
BChE,590,7,"[30158491, 37357520, 38202796, 37357520, 38202796, 37357520, 37357520]"
RGF,5900,1,[25939848]
TGF-beta1,59086,3,"[25402560, 24128039, 32179464]"
TrkA,59109,1,[28758954]
RasA,5921,1,[15075281]
pRb,5925,2,"[17516868, 25062475]"
ACE2,59272,3,"[37789186, 34746476, 34746476]"
MSI,5928,1,[26831708]
Cyclin D1,595,11,"[36225350, 30837881, 24401848, 30355923, 29549725, 17516868, 25062475, 21225227, 15548174, 23682781, 28811522]"
B-cell lymphoma 2,596,35,"[29845223, 31673827, 21241775, 24071573, 22285236, 15986440, 26871659, 18222036, 28728544, 29845223, 32096436, 21122037, 30414102, 28041784, 25268882, 24368570, 30508758, 19393284, 25641103, 25661342, 18481862, 36583050, 21916504, 25537793, 29805569, 29545735, 30355923, 36557944, 29653168, 28359723, 17666799, 30934922, 31374354, 17666799, 24815470]"
A1- B and B1,597,2,"[27869761, 1548191]"
Age,5973,1,[26739136]
BCL-XL,598,8,"[30837881, 21916504, 32096436, 24401848, 28359723, 22285236, 37894482, 21122037]"
Bcl-w,599,1,[32096436]
Afap1,60312,2,"[30905507, 30905507]"
AP B,6051,1,[35050981]
IFS2,606705,1,[15356384]
P70S6K,6198,3,"[33846818, 30123617, 30123617]"
RXRA,6256,1,[17438068]
BDNF,627,6,"[36321740, 27588730, 36362380, 36362380, 27588730, 36362380]"
S100A4,6275,1,[24718855]
CagA,6279,1,[23431343]
SCD-1,6319,2,"[31678511, 31678511]"
SCP2*,6342,1,[1770350]
CCL2,6347,2,"[30971441, 12765878]"
CCL5,6352,3,"[34575836, 12765878, 36498968]"
CCL22,6367,2,"[34575836, 36498968]"
BH3 interacting-domain death agonist,637,5,"[29845223, 24628464, 19393284, 26291658, 30860609]"
Sea,6395,5,"[35330293, 24084782, 29316607, 35330293, 19481972]"
CD62L,6402,1,[22564240]
CARD9,64170,1,[32849462]
I2PP2A,6418,1,[24718855]
mPGES-1,64292,1,[29727733]
interleukin (IL)-12,64546,1,[21592577]
Sonic hedgehog,6469,2,"[31795147, 36797277]"
Alpha-Glucosidase,6476,14,"[32093426, 38067568, 31993159, 38101666, 34237621, 38067519, 38067568, 32093426, 34004479, 29304029, 37812276, 30429444, 36908276, 30205507]"
Bmi-1,648,1,[36797277]
Skp1,6500,1,[31216760]
S-phase kinase-associated protein 2,6502,2,"[29743060, 29743060]"
butyrylcholinesterase,65036,1,[23775636]
Lamellipodin,65059,1,[31109134]
sodium-glucose cotransporter 2,6524,1,[36838706]
NTCP,6554,3,"[26378168, 26378168, 26378168]"
PGT,6578,1,[36110355]
Slug,6591,1,[26992741]
SNF2,6597,1,[37998923]
SMO,6608,3,"[36797277, 30441806, 30441806]"
SNAIL1/2,6615,1,[37683805]
alpha-synuclein,6622,1,[19806188]
Fascin,6624,2,"[34303764, 34303764]"
ubiquitin,664412,1,[29695775]
SOD,6647,6,"[30693585, 36363809, 36235056, 19147108, 36235056, 28041784]"
sod3,6649,1,[37351768]
sp3,6670,1,[27865702]
IgG2a,668478,2,"[19416507, 12808294]"
Src,6714,4,"[29234409, 27939989, 15787429, 27049393]"
Dock7,67299,1,[31640118]
TRIM21,6737,1,[32228434]
STAT-1,6772,3,"[21093573, 34575836, 19009233]"
STAT,6774,10,"[23880305, 26291658, 30618745, 34443375, 37662726, 23880305, 34575836, 36498968, 32507600, 19009233]"
Stat6,6778,1,[19009233]
aurora kinase A,6790,1,[19370169]
NK2 receptor,6865,1,[7515038]
NK1,6869,1,[7515038]
LOQs,6895,2,"[28898764, 33452378]"
TGA,6899,1,[24587717]
pancreatic lipase,69060,1,[37711987]
calreticulin,692629,1,[24719308]
PPO-1,692758,1,[24719308]
p50 protein,693016,1,[24719308]
PPO-2,693073,1,[24719308]
ZEB1/2,6935,1,[37683805]
GCF,6936,1,[33941694]
SC1,6941,1,[34068122]
MAD7,6945,1,[33651591]
BTK,695,1,[24280868]
alpha-glucosidase,69983,2,"[31102272, 37711987]"
hTERT,7015,2,"[17562555, 19393284]"
TGF-beta,7039,2,"[19009233, 33809098]"
TGF-beta1,7040,1,[25706347]
TH,7054,2,"[19806188, 19806188]"
THRB,7068,1,[17438068]
ZO-1,7082,2,"[37108944, 37108944]"
TLR2,7097,5,"[21918170, 22126586, 23217280, 22126586, 34533882]"
TLR4,7099,5,"[38045060, 24532584, 23217280, 38045060, 34533882]"
thymosin beta 4,7114,1,[24710897]
TNF,7124,22,"[32344935, 32228434, 10096130, 23612372, 23510175, 28947170, 25404219, 37764307, 22519596, 16213796, 32334437, 37789186, 24867795, 38009054, 33809098, 19009233, 36498968, 34575836, 10096130, 21373981, 29773004, 22519596]"
DNA gyrase,7153,4,"[37974074, 38031773, 36354997, 36354997]"
TP53,7157,5,"[24280868, 31673827, 12613590, 17516868, 32228434]"
C1s,716,1,[30508758]
TPI,7167,1,[29549725]
TSC1,7248,1,[34972198]
TSC2,7249,1,[34972198]
p70S6K,72508,1,[23468988]
STING,72512,1,[38067514]
TUB,7275,1,[36338052]
Thioredoxin,7295,3,"[19941471, 19941471, 19941471]"
tyrosinase,7299,4,"[32825344, 38202796, 29382217, 35102193]"
SPDS2,732743,1,[36371871]
Hm1,732845,1,[16839576]
carboxylesterase clade H- member 1,732947,1,[24719308]
USF,7391,1,[19502726]
VASP,7408,1,[31109134]
VCP,7415,1,[31280524]
VEGF,7422,11,"[15986440, 20447056, 36976205, 25185869, 24789042, 33846818, 36976205, 18362935, 33846818, 19501273, 25185869]"
VIL2,7430,1,[24718855]
VIM,7431,2,"[37683805, 30355923]"
igi,7441,1,[36255295]
Wnt5a,7474,1,[36225350]
XBP1,7494,1,[34070303]
Yin Yang 1,7528,2,"[27750383, 27750383]"
HelS1,7529,1,[35814705]
Carbonic Anhydrase I,759,1,[29857578]
CA2,760,3,"[32060621, 32060621, 21740099]"
OVCAR3,761,1,[35099085]
ALT,76282,2,"[18406549, 36991200]"
PHZ1,7702,1,[12423020]
Cav2.1,773,1,[26024438]
Cav2.2,774,1,[26024438]
Cav1.2,775,1,[26024438]
APX,778224,1,[31542655]
SeMa,7869,2,"[35580059, 35580059]"
calmodulin,801,1,[33314413]
calreticulin,811,1,[35931117]
spp,81502,9,"[33638021, 27916552, 25227819, 24276619, 26906097, 33962985, 32844362, 30818881, 31156578]"
CAS1,815275,1,[7505443]
mokA,81545,1,[32043189]
AtPR1,815949,2,"[18599651, 24914891]"
UGT73B5,816040,2,"[24131360, 24131360]"
LC3b,81631,1,[28728544]
p38,81649,1,[25525886]
CYP79B3,816765,2,"[37501023, 20408997]"
C4H,817599,1,[12226501]
cyp71A12,817626,1,[23073694]
cyp71A13,817628,1,[23073694]
ABCG34,818211,3,"[28652324, 28652324, 28652324]"
KAI1 C-terminal interacting tetraspanin,81839,4,"[28811522, 26371759, 26371759, 28811522]"
AUX1,818390,1,[37501023]
AtWRKY33,818429,3,"[26973671, 31371717, 35257500]"
coi1,818581,1,[11402212]
CYP98A3,818686,1,[12226501]
PDF1,818884,2,"[25281690, 24914891]"
PEN2,819056,5,"[19095900, 27711985, 19095898, 22522512, 23073694]"
UGT80A2,819887,2,"[31611892, 31611892]"
BIG,820398,1,[37501023]
AtABCG29,820881,2,"[22704988, 22704988]"
CYP82G1,822110,1,[29271603]
CYP71B15,822298,2,"[29085857, 29085857]"
NIT1,823556,2,"[37501023, 33226310]"
NIT3,823557,1,[33226310]
AtGTR1,823951,1,[35332238]
HAG1,824626,1,[23115560]
PMR6,824657,1,[17351116]
ESK1,824765,3,"[28792629, 28792629, 28792629]"
AtSDR1,825294,1,[18599651]
ACD6,827085,1,[25017162]
Atpdr2,827187,2,"[19854857, 19854857]"
CESA8,827612,2,"[17351116, 17351116]"
TPS08,827768,2,"[23512856, 23512856]"
MED12,827954,1,[25281690]
LIF2,827998,2,"[24914891, 24914891]"
PHOSPHATE STARVATION RESPONSE 1,828979,2,"[36655756, 36655756]"
CYP82C2,829327,3,"[26352477, 20354503, 31371717]"
CESA1,829376,1,[17351116]
YUCCA1,829389,1,[37501023]
UGT73B3,829559,2,"[24131360, 24131360]"
agb1-2,829597,1,[28792629]
acd2,829854,1,[8989880]
CYP79B2,830154,3,"[29085857, 37501023, 20408997]"
CESA3/ISOXABEN RESISTANT1,830399,2,"[17351116, 17351116]"
CAST,831,1,[16715543]
Axin2,8313,1,[28887754]
Ca2,831326,1,[24920452]
CESA7,831608,2,"[17351116, 17351116]"
ein2,831889,1,[11402212]
VSP1p,832547,1,[32006004]
TGG1,832669,1,[19703694]
HDA-2,832673,1,[30670606]
PEN3,833612,1,[19095898]
GORK,833728,1,[29271603]
caspase-1,834,1,[25230522]
CESA4/IRREGULAR XYLEM5,834426,2,"[17351116, 17351116]"
AtPDF1.2,834469,1,[18599651]
HCT,834951,1,[21251001]
caspase,835,2,"[21916504, 21916504]"
cellulase,835035,1,[37512818]
EIR1,835813,1,[37501023]
CYP81F2,835828,4,"[19095900, 22522512, 35257500, 23073694]"
PMR5,835974,2,"[17351116, 17351116]"
CASP-3,836,44,"[31673827, 37812276, 30414102, 37894482, 25806467, 15986440, 25442260, 19370169, 33389242, 16598808, 36499160, 30837881, 24071573, 22285236, 26220632, 29545735, 18222036, 26848704, 25661342, 33610633, 33981211, 21122037, 26870680, 26327534, 24368570, 18481862, 19393284, 31972453, 28041784, 17666799, 21394807, 28450128, 29653168, 29805569, 21241775, 18222036, 28359723, 26291658, 26349514, 25268882, 21394807, 31374354, 21241775, 27536140]"
Nrf2,83619,4,"[24128039, 30473664, 24752777, 24752777]"
PMG1,836263,1,[23115560]
CESA6/IXR2,836595,1,[17351116]
Fat,83720,1,[29963318]
At1g06990,837209,1,[29271603]
WAX INDUCER1,838105,1,[25281690]
HIG1,838438,2,"[23115560, 23073694]"
CYCLIN-DEPENDENT KINASE8,838648,1,[25281690]
IGMT1,838706,1,[35257500]
IGMT2,838708,1,[35257500]
GGAT1,838940,1,[34202732]
MED25,839141,2,"[25281690, 25281690]"
EIF2alpha,83939,3,"[35931117, 22519596, 22519596]"
AXR3,839568,1,[37501023]
NSL1,839735,3,"[27711985, 27711985, 27711985]"
CASP-7,840,1,[31673827]
GSK-3b,84027,1,[25128810]
OBSCN,84033,1,[36312981]
UGT80B1,840946,1,[31611892]
caspase,841,12,"[19393284, 28359723, 25268882, 21241775, 24368570, 26327534, 19393284, 21122037, 25268882, 24368570, 21468561, 19393284]"
ATX,841454,2,"[24011431, 24011431]"
AtRHM2,841785,1,[26433966]
epithiospecifier protein,841842,1,[23940639]
Caspase-9 and -3,842,16,"[25641103, 26870680, 29805569, 25268882, 21122037, 18481862, 26870680, 25661342, 25268882, 29549725, 31972453, 30355923, 26327534, 24071573, 29653168, 24368570]"
cat2,842170,1,[20530195]
ARF1,842268,1,[37501023]
GES,842405,4,"[18398052, 18398052, 18398052, 18398052]"
TAA1,843393,1,[37501023]
WAT1,843886,4,"[24129639, 22978675, 22978675, 24129639]"
rpoB,845225,1,[22748594]
cullin-1,8454,1,[31216760]
LC3,84557,2,"[31911173, 35931117]"
CAT,847,10,"[37189022, 37532330, 36235056, 37189022, 30693585, 36235056, 12963009, 28041784, 32825344, 21916504]"
glucokinase,850317,1,[6370959]
AGP1,850333,1,[29490607]
ILV6,850348,1,[29490607]
PGK,850370,2,"[1368907, 1368907]"
RAD18,850430,1,[18212113]
TUP1,850445,1,[36012547]
A1- A2- B,850458,3,"[24751367, 24751367, 16964330]"
Rim15,850511,1,[35843417]
Mpr1,850554,1,[33795709]
Pho4,850594,1,[37601111]
IRC7,850616,2,"[30658969, 30658969]"
TPO1,850631,2,"[28409382, 28409382]"
PDC1,850733,1,[10919763]
erg3,850745,1,[16870766]
PDC5,850825,1,[26292030]
ACS2,850846,1,[10919763]
FRE1,850911,1,[22304436]
EXG1,851007,1,[27491546]
MET17,851010,1,[17408496]
FBP1,851092,2,"[29579121, 29579121]"
hexokinase,851167,2,"[6370959, 34612490]"
LEU3,851172,1,[37455545]
YLR456W,851178,1,[18212113]
Cdc19,851193,1,[26016674]
CYS3,851221,1,[18212113]
Mdm10,851223,1,[24135058]
ACS1,851245,1,[18990252]
FLO1,851289,1,[34086936]
Pho13,851362,1,[28625755]
Cop1,851410,1,[19400802]
Hem25,851439,1,[26821380]
GPD1,851539,1,[21720823]
MAF1,851568,1,[31658995]
Snq2p,851574,1,[20091224]
EN A1,851610,1,[24751367]
NRG1,851613,1,[29490607]
Ste5,851680,1,[22829779]
Ino2,851701,1,[15353567]
Aro1,851705,1,[26016674]
CPR1,851733,1,[16332809]
HST4,851772,2,"[29579121, 29579121]"
YAP6,851846,1,[36012547]
HXT3,851946,1,[29490607]
ARO10,851987,2,"[26292030, 26016674]"
Hat1,8520,2,"[27400176, 27400176]"
Stp1,852074,1,[28409382]
Pdr3,852278,1,[28409382]
FLR1,852293,1,[17408496]
Reb1,852338,1,[15353567]
TIP1,852359,1,[30261908]
CYC8,852410,1,[36012547]
AGP2,852429,1,[29490607]
IFA38,852456,1,[18212113]
TYR1,852464,2,"[30771296, 26016674]"
sec7-1,852469,1,[2531129]
EHT1,852476,2,"[16361250, 16361250]"
ARO4,852551,2,"[26016674, 26016674]"
SHM1,852565,1,[38007732]
Pho89,852599,1,[37601111]
Rtf1,852607,1,[22783880]
HXK2,852639,3,"[34612490, 6370959, 29844402]"
RTG2,852640,1,[18212113]
aro8 aro9,852672,1,[34399611]
LYS5,852723,1,[25557478]
Aft1p,852809,1,[22304436]
MIG1,852848,1,[36012547]
Pdr1,852871,1,[28409382]
leu1,852875,1,[23636690]
PMA1,852876,2,"[35736033, 35736033]"
CUL3,852886,1,[33721896]
CYP4F2,8529,1,[36327116]
Kss1p,852931,1,[15802524]
PBP1,853089,2,"[28089630, 28089630]"
histone acetyltransferase Gcn5,853167,1,[27642009]
Set2,853271,1,[29146582]
MEF2,853342,1,[18212113]
Met3,853466,1,[7920699]
Tor1p,853529,1,[17031002]
sod1,853568,2,"[29275696, 21648421]"
AAD10,853620,1,[18990252]
SOR1,853624,1,[21720823]
Tor2p,853632,1,[17031002]
FAS1,853653,2,"[29490607, 15353567]"
APL2,853723,1,[18212113]
Abf1,853748,1,[15353567]
sfk1,853815,1,[29270163]
RGT1,853828,1,[29490607]
IXR1,853836,1,[29490607]
MAE1,853839,1,[29490607]
Set3,853900,2,"[31001207, 31001207]"
Gap1,853912,2,"[25909858, 25909858]"
UTH1,853916,1,[20093034]
YKR070W,853944,1,[26071590]
PTR2,853968,1,[28390508]
GRE2,854014,1,[17408496]
Ino4,854042,1,[15353567]
GPD2,854095,2,"[11870853, 21720823]"
MAK-1,854156,2,"[18849472, 18849472]"
Sin3,854158,1,[15353567]
HST3,854190,3,"[29579121, 29579121, 29579121]"
CRS5,854196,1,[22304436]
Yvc1,854255,1,[36011361]
RGS2,854274,1,[29490607]
LEU9,854275,1,[29490607]
DeltaIAH1,854293,2,"[30261908, 30261908]"
PDR5,854324,3,"[22897823, 25609182, 20091224]"
SPR1,854362,1,[27491546]
YCA1,854372,1,[20345898]
DFR1,854411,3,"[1427091, 1427091, 1427091]"
esa1,854418,1,[22882998]
MEK-1,854533,2,"[18849472, 18849472]"
ALD4,854556,3,"[10919763, 10919763, 10919763]"
FDH1,854570,1,[38007732]
glycerol 3-phosphate dehydrogenase,854651,1,[11870853]
Lgr-5,8549,2,"[36797277, 30441806]"
ERG13,854913,2,"[23636690, 29948122]"
DeltaGAL80,854954,1,[29315481]
ERG6,855003,2,"[35724740, 16870766]"
YAP1,855005,1,[34476516]
Ypt7,855012,2,"[30936855, 30936855]"
HXT2,855023,1,[26861396]
erg5,855029,1,[26098102]
FET3,855080,2,"[22304436, 22304436]"
DDR48,855210,2,"[37744150, 37744150]"
erg2,855242,1,[16870766]
Tom40,855243,1,[24135058]
YMR210W,855250,1,[18990252]
AAD14,855385,1,[18990252]
GOR1,855447,2,"[31757928, 31757928]"
ALP1,855451,1,[29490607]
FOL1,855465,1,[38007732]
ZWF1,855480,4,"[28625755, 26016674, 26016674, 26016674]"
Rap1,855505,1,[15353567]
NPR1,855538,3,"[25909858, 25909858, 34972198]"
Tom70,855602,1,[18032784]
LEU4,855619,1,[9765846]
Crz1,855704,1,[37601111]
Sam50,855705,1,[24135058]
HDA1,855710,1,[28862744]
ABZ1,855768,1,[38007732]
AIF1,855811,1,[20345898]
Gal4,855828,1,[29315481]
FAS2,855845,1,[15353567]
FMP40,855879,1,[31757928]
OYE3,855932,1,[17408496]
SPP1,855965,1,[26126743]
EEB1,856010,2,"[16361250, 16361250]"
ALD6,856044,4,"[10919763, 11870853, 10919763, 10919763]"
PMA2,856071,2,"[35736033, 35736033]"
Ymc1,856171,1,[26821380]
Aro7,856173,1,[26016674]
ROX1,856178,2,"[36012547, 29948122]"
CTR1,856241,2,"[22304436, 22304436]"
OPI1,856366,2,"[18212113, 15353567]"
Cyp51p,856398,2,"[16964330, 16964330]"
SOD2,856399,1,[25639351]
CUP1,856450,1,[22304436]
Ste12p,856484,1,[15802524]
HXT4,856492,1,[26861396]
Set1,856519,1,[26126743]
SKN7,856613,1,[36012547]
BAT1,856615,1,[18990252]
URA3,856692,2,"[34387324, 32329773]"
Gcn4,856709,1,[28409382]
Aminopeptidase,856811,2,"[2531129, 2531129]"
SER3,856814,1,[25609182]
Chd1,856911,1,[27642009]
RANKL,8600,2,"[29304006, 29304006]"
MPro,8673700,3,"[33069672, 33069672, 34646250]"
Beclin-1,8678,1,[31911173]
FADD,8772,1,[31673827]
chitinase,878587,1,[33460747]
LasR,881789,1,[33460747]
carboxylesterase 2,8824,2,"[30193143, 30193143]"
NRP,8829,3,"[28229977, 22802156, 31518630]"
WISP2,8839,1,[32260204]
CD133,8842,1,[36797277]
hPXR,8856,1,[22161763]
cyclin A,890,2,"[27986611, 25062475]"
cyclin B1,891,1,[27986611]
Cav3.1,8913,1,[26024438]
P39,8941,1,[37861313]
GITRL,8995,1,[36160406]
claudin-1,9076,1,[28688953]
RP-18,9129,1,[10695676]
CCNE2,9134,2,"[24879544, 24879544]"
Cd2,914,1,[33498433]
exo-1,9156,1,[17346759]
CD4,920,1,[35973736]
CD-6,923,1,[11069009]
DHB,92797,1,[28873258]
Klf4,9314,1,[33890134]
PSK,9344,2,"[23217280, 23217280]"
CYP,9360,4,"[35370209, 19075616, 29741855, 25662514]"
cochlearines A (6) and B (7),941,1,[26024438]
ABC Transporter,9429,3,"[32994334, 32994334, 19517454]"
PERK,9451,1,[34070303]
ATG5,9474,1,[26871659]
CAS,9564,3,"[33827404, 30394044, 33827404]"
CD44,960,1,[36797277]
ISG15,9636,1,[33825097]
SLC25A44,9673,2,"[34073512, 34073512]"
CD69,969,1,[35973736]
Tox,9760,2,"[11734635, 36883814]"
KEAP1,9817,1,[37351768]
CDC2,983,1,[27986611]
TOMM70A,9868,1,[33890134]
CDC20,991,1,[22033405]
Cdc25b,994,1,[27939989]
Usp15,9958,1,[31216760]
Cdc42,998,3,"[31109134, 26371759, 28811522]"
HNRNPDL,9987,1,[31280524]
CDH1,999,5,"[37683805, 30355923, 15986440, 29048673, 21225227]"
endothelin,No Data,2,"[8609079, 33180497]"
