Chemical,ChemicalID,length,PMID
(S)-( +)-1-phenylethylamine,C033198,1,32418069
"(S)-amine, amines",D000588,2,"32418069, 32418069"
1-10-phenanthroline,C025205,1,12910392
1-aminocyclopropane-1-carboxylic acid,D002264,1,37474779
1-butanol,D020001,1,12382117
"1-butyl-3-methylimidazolium chloride, [BMIM]Cl",C502841,2,"27142029, 27142029"
1-butyl-3-methylimidazolium trifluoromethanesulfonate,C532403,1,27142029
1-ethyl-3-methylimidazolium trifluoromethanesulfonate,C556629,1,27142029
1-hydroxybenzotriazole,C011852,1,32617733
12-methyl tetradecanoic acids,C069642,1,10972188
"2-2'-azino-bis(3-ethylbenzothiazoline-6-sulfonic acid, ABTS",C002502,2,"12892493, 24915287"
2-2'-bipyridyl,D015082,1,12910392
2-3-butanediol,C026978,1,28425950
"2-4-D, 2-4-dichlorophenoxyacetic acid",D015084,2,"11778838, 11778838"
2-4-diaminobutyric acid,C005959,1,28737704
2-methyl-4-chlorophenoxyacetic acid,D008456,1,11778838
2-propanol,D019840,1,32617734
"20-60  C, 30-60 C",C069837,2,"37847305, 38010865"
3-amino-1-2-4-triazole,D000640,1,12892493
3-chlorobenzoic acid,C036427,1,11778838
5'-GMP,D006157,1,28764042
5'-IMP,D007291,1,28764042
5-HT,D012701,1,12932132
5-hydroxydecanoic acid,C052853,1,28425950
6-carboxyfluorescein,C024098,1,9783169
6-methoxymellein,C080190,1,38035483
8-anilino-1- naphthalene sulfonate,C515594,1,20703955
"ABA, Abscisic Acid, Abscisic acid, abscisic acid",D000040,4,"27061088, 33925342, 33925342, 27061088"
"ATP, adenosine triphosphate, atp",D000255,13,"31273417, 26090360, 9783168, 36094301, 20703955, 36937286, 21600188, 11029415, 11057912, 10741831, 36937286, 9783168, 21600188"
Acetonitrile,C032159,1,33208066
Al-2,D000535,1,37847305
"Ala, L-alanine, alanine, alanines, l-alpha-alanine",D000409,5,"7908011, 9783179, 12728359, 27315164, 35238571"
"Arg, arginine, l-arginine",D001120,4,"11029415, 7908011, 16932842, 12728359"
"Arsenic, As, arsenic",D001151,13,"26647770, 31564490, 24292445, 24903703, 26733008, 34389775, 31564490, 24903703, 30485446, 33933779, 37427410, 24292445, 19536453"
AsV,C571889,1,24292445
Asn,D001216,1,7908011
"Azo dyes, azo dye, azo dyes",D001391,5,"31768644, 28255636, 32617733, 28255636, 31768644"
BP,C038809,1,18048917
Ba2+,C080430,1,31388592
"Bauxite, alumina, bauxite",D000537,4,"24817611, 24817611, 35661272, 24817611"
Berkelic acid,C520589,1,16808526
"C, Carbon, carbon, carbons",D002244,45,"22297696, 12579380, 26476701, 23065059, 27278384, 33538376, 23065059, 9783165, 36260502, 33208066, 34669438, 9783169, 9680297, 9783179, 33515353, 24903703, 24817611, 14991423, 26263620, 34322108, 30231921, 31722266, 33993356, 37667571, 10972192, 33030592, 22311159, 37668803, 36937286, 26941731, 27278384, 20407798, 18427718, 22559199, 27737605, 14572091, 20543878, 19625440, 16642262, 22588563, 15999222, 9783184, 12579380, 11778838, 27276261"
C15,C003946,1,35661272
C2,C023714,1,22359317
"CMC, carboxymethylcellulose",D002266,4,"35137293, 27240670, 9680321, 35137293"
"CO(2), CO2, Co2+, carbon dioxide",D002245,20,"23065059, 19536453, 25443670, 9783169, 26263620, 34322108, 23881259, 37667571, 33030592, 27278384, 21555270, 26337149, 15127306, 27061088, 33208066, 27737605, 22260050, 36260502, 34545451, 9783179"
Ca2+,D000069285,8,"31388592, 27771767, 9783165, 32617734, 33208066, 28087527, 30304581, 27737605"
CaCl2,D002122,3,"33208066, 26159877, 31218179"
"Cadmium, Cd, cadmium",D002104,7,"27484342, 27484342, 32050135, 26901506, 27061088, 27484342, 26901506"
"Calcium, calcium",D002118,4,"29497843, 28087527, 35190857, 30400922"
"Carbohydrate, carbohydrate, carbohydrates",D002241,15,"33538376, 27240670, 34093984, 35587636, 28087527, 15999223, 28478604, 27484342, 17006740, 26337149, 16133657, 15322951, 28478604, 27010414, 19888547"
"Carbonate, carbonate, carbonates",D002254,10,"37819713, 35137260, 9783179, 37819713, 30231921, 28389755, 15959626, 29018969, 29018969, 15127306"
Carboniferous Basin,C074619,1,38133826
"Casamino acids, casamino acid",C017721,2,"19625440, 12728359"
CdCl2,D019256,1,26901506
"Chlorine, ClO2",D002713,2,"36362210, 36362210"
"Chromium, Cr, chromium",D002857,7,"37046169, 36149604, 37046169, 36149604, 37046169, 36149604, 22350256"
Co+2,C065987,1,37847305
"CoA, acetyl-CoA, acetyl-coenzyme A",D000105,3,"16708165, 12728359, 16708165"
Cr(III),C495433,1,37046169
Cr(VI),C074702,2,"37046169, 36149604"
"Cu, Cu+2, copper",D003300,9,"27362528, 17027868, 35137293, 37847305, 22295871, 16808526, 24915287, 24859438, 15332861"
"D, H(2), H2",D003903,6,"10972188, 21479878, 33538376, 24903703, 15127306, 16491340"
"DFP, diisopropyl fluorophosphate",D007531,2,"31236718, 12910392"
DMDS,C021181,1,10879559
DMP,D014494,1,24915287
DMS,D004113,1,10879559
"DMSO, Dimethylsulfoxide, dimethyl sulfoxide",D004121,6,"33208066, 33620581, 33620581, 37118007, 33538376, 32617734"
"DPG, diphosphatidyl glycerol, diphosphatidylglycerol",D002308,5,"31538256, 31538256, 35661272, 22297696, 10972188"
"DPPC, dipalmitoylphosphatidylcholine",D015060,2,"16382574, 16382574"
"DTT, Dithiothreitol, dithiothreitol",D004229,4,"32617734, 32528424, 32617734, 32528424"
Dt,D013936,1,24030483
EAP,C005448,1,30400922
"EDTA, ethylenediamine tetraacetic acid, ethylenediaminetetraacetic acid",D004492,9,"31388592, 35137293, 12910392, 30304581, 32528424, 27142029, 22260050, 35137293, 32528424"
EGTA,D004533,1,12910392
EPS,C100219,1,29292148
"FDP, fructose-1.6-diphosphate",C029063,2,"11057912, 11057912"
FOS-choline-12,D002794,1,37577439
"Fe, Fe(II), Fe(III), Fe+2, Fe0, Fe2O3, Fe3+, Iron, iron, iron(III), irons",D007501,24,"37681980, 35137293, 37520367, 17673945, 37520367, 37520367, 37847305, 37681980, 37681980, 37681980, 37520367, 33123748, 37681980, 36149604, 37987855, 22350256, 37520367, 29450709, 24030483, 12892493, 26439615, 26045157, 37520367, 33123748"
"Fructose-1-6-bisphosphatase, fructose",D005632,6,"36937286, 37847305, 33208066, 25496221, 19625440, 15127306"
Fructose-bisphosphate,C027652,1,36937286
"GSH, glutathione",D005978,3,"27061088, 26901506, 27061088"
"Glucose, glucose",D005947,18,"14991423, 33538376, 37847305, 9783163, 9783168, 34669438, 9783169, 9680297, 28478604, 25496221, 19888547, 31218179, 19625440, 18769867, 15127306, 11057912, 10972188, 19779762"
"Gly, glycine",D005998,8,"27209523, 32323057, 37577439, 19002649, 30304581, 24375141, 12728359, 11699647"
"Glycerol, glycerol, glycerol-",D005990,9,"29932648, 37118007, 33538376, 36414646, 9783169, 29932648, 12579380, 19779762, 28007654"
"H2O2, Water, water",D014867,107,"37474779, 24214268, 26901506, 28418707, 33819431, 36000901, 31679078, 33933779, 27871132, 29292148, 32525738, 27484342, 27059740, 26909467, 26337149, 29266533, 26780356, 32323057, 32533304, 8688447, 31734456, 29392527, 11234023, 16514512, 9783165, 28418707, 35398716, 20640865, 33819431, 21605309, 29958498, 36000901, 36094301, 31564490, 34256694, 36149604, 9783179, 31624306, 36000998, 31679078, 30485446, 32155764, 35021589, 35384246, 33799130, 17027868, 33933779, 27871132, 31722266, 33645540, 31481201, 25293792, 26547282, 30897508, 28425950, 27276261, 26242906, 28045976, 30536130, 15064977, 26588061, 24927538, 15959626, 31087168, 22295871, 24214268, 20091326, 28764042, 15064991, 27278384, 27484342, 25308761, 23568449, 30282060, 16808526, 27010414, 22830585, 18427718, 17298474, 26909467, 15252724, 24859438, 25496221, 21607550, 21555270, 26901506, 26439615, 26337149, 19840102, 30656425, 22588563, 15332861, 27920761, 17215355, 23609187, 17404715, 18335164, 27061088, 28000023, 26476701, 21974779, 26045157, 20657662, 22260050, 24726350, 11778838, 7908011"
"HCO3, bicarbonate, hydrogen carbonate",D001639,3,"18097633, 15309564, 35137260"
"HS, hydrogen",D006859,11,"27061088, 36916005, 36260502, 34093984, 34310933, 35052375, 31592688, 21894491, 10972192, 32424739, 11747292"
"Hg, mercury",D008628,2,"17027868, 11778838"
IPTG,D007544,1,22327111
"Indigo, indigo, indigo carmine",D007203,4,"30105570, 30105570, 11057913, 30105570"
"JA, jasmonic acid",C011006,2,"27061088, 27061088"
KCl,D011189,1,25293792
"L, L-, leucine",D007930,4,"17673945, 17673945, 14991423, 18335164"
"L-glutamate, glutamate, glutamic acid",D018698,5,"20718295, 34402982, 33030592, 32424739, 7908011"
"LPS, lipopolysaccharide",D008070,3,"20890499, 33255932, 20890499"
Lignocellulose,C036909,1,34669438
"Lipid, Lipids, lipid, lipids",D008055,25,"28007654, 32155764, 27276261, 28007654, 28007654, 29266533, 35688350, 26025020, 29270851, 35384246, 29292148, 30457468, 27276261, 27278384, 16382574, 28007654, 32155764, 22297696, 31538256, 27276261, 28478604, 25308761, 19218420, 16382574, 10972188"
"Lys, l-lysine",D008239,3,"11029415, 7908011, 12728359"
MAGs,C035408,1,36414646
MK-7,C062629,2,"35661272, 31538256"
"MR, methyl red",C008492,2,"28255636, 28255636"
"MSO, methionine sulfoxide",C013111,2,"33620581, 33620581"
"Metal, metal, metals",D008670,22,"31541933, 32617734, 27484342, 27362528, 25443670, 32617733, 22350256, 34777269, 17027868, 27484342, 16808526, 27737605, 22359317, 24030483, 17006740, 26543264, 15332861, 27209523, 22260050, 17673945, 27362528, 24030483"
"Methane, methane",D008697,10,"24638260, 36260502, 9783179, 37987855, 27290724, 24638260, 31592688, 33993356, 10879559, 16642262"
Methyl Orange,C100258,1,32617733
"Mg, Mg+2",D008274,4,"17027868, 26242906, 21600188, 37847305"
MgSO4,D008278,1,25293792
"Mn+2, manganese",D008345,2,"37847305, 29018969"
"MnCl2, manganese chloride",C025340,2,"29018969, 29018969"
"Mycosporine-2-glycine, mycosporine-2-glycine",C463482,2,"24375141, 24375141"
"N(2)O, N2O",D009609,2,"18452025, 16491340"
N-(2-aminoethyl) glycine,C028791,1,28737704
N-1-naphthylacetamide,C025234,1,38035483
N-Boc-hydroxylamine,D019811,1,38035483
N-acetylserotonin,C006389,1,38035483
N-carboxyanhydride,C517076,1,37303170
"NAD, NADH",D009243,3,"10972192, 37577439, 30105570"
"Na2CO3, sodium",D012964,11,"36937286, 35052375, 15309564, 28389755, 30457468, 26941731, 18309455, 27315164, 19536453, 12728359, 32321943"
"NaCl, Saline, saline, sodium chloride",D012965,93,"32323057, 23686381, 26025020, 21340748, 31734848, 37847305, 9783165, 18378586, 36260502, 36414646, 33208066, 35661272, 19002649, 35652980, 38225962, 28255636, 26171779, 26159877, 22297696, 33404954, 19930649, 35587636, 36721347, 31481201, 15309564, 11139081, 15322951, 30701281, 35190857, 30897508, 26588061, 36937286, 27278384, 29681022, 27010414, 27737605, 12382117, 24915287, 17298474, 24996797, 17006740, 26909467, 14572091, 18309455, 26696418, 31218179, 12728359, 18385928, 9672687, 15127306, 20373120, 18335164, 27061088, 26476701, 21974779, 27114252, 10972188, 15841343, 22260050, 26171779, 28425950, 29290045, 34402982, 26025020, 24846742, 20640865, 35137260, 36000901, 34256694, 24903703, 35652980, 26171779, 33799130, 22350256, 34777269, 35587636, 32833498, 18097633, 31538256, 19387766, 27726599, 19050822, 32424739, 31781937, 22583823, 29681022, 24030483, 21607550, 26439615, 27920761, 35137260, 15309564, 12579380"
"NaHCO3, sodium bicarbonate",D017693,4,"26025020, 15309564, 36937286, 17404715"
"Nitrate, nitrate",D009566,10,"15322951, 31679078, 19050822, 30897508, 10879559, 19536453, 18452025, 22367932, 12579380, 16491340"
"O2, oxygen",D010100,17,"26733008, 24903703, 33620581, 24927538, 9783179, 36362210, 11589226, 33933779, 31592688, 33645540, 28045976, 26941731, 19536453, 20543878, 18769867, 24726350, 9672682"
"P, phosphorus",D010758,9,"31781937, 26476701, 21974779, 31781937, 25308761, 32050135, 22367932, 26476701, 21974779"
"PC, phosphatidyl choline",D010713,2,"31538256, 31538256"
"PE, phosphatidyl ethanolamine, phosphatidylethanolamine",C483858,4,"31538256, 31538256, 35661272, 10972188"
"PG, phosphatidyl glycerol, phosphatidylglycerol",D010715,6,"31538256, 31538256, 35661272, 22297696, 10972188, 15841343"
"PGA, poly-gamma-glutamate",C511775,2,"20718295, 20718295"
"PHA, PHAs, Polyhydroxyalkanoates, polyhydroxyalkanoate",D054813,6,"32323057, 36572161, 34322108, 34322108, 32323057, 36572161"
"PMSF, phenylmethyl sulfonylfluoride, phenylmethylsulfonyl fluoride",D010664,3,"32528424, 12910392, 32528424"
PXD037170,C487081,1,36937286
PacC,C406277,1,37367588
Pb,D007854,1,32050135
"Phe, phenylalanine",D010649,2,"7908011, 26439615"
"Phenol, phenol",D019800,3,"14572091, 14572091, 27920761"
"Phospholipids, phospholipids",D010743,6,"28007654, 28007654, 36094301, 32155764, 27276261, 10972188"
"Phosphonate, phosphonate",D063065,2,"37987855, 22212656"
Polycyclic Aromatic Hydrocarbons,D011084,1,37029326
"Polymer, polymer",D011108,2,"31087781, 29292148"
"Polyproline, polyproline, polyprolines",C011083,3,"37303170, 37303170, 37303170"
"Proline, proline",D011392,11,"26476701, 26588061, 37474779, 27010414, 26901506, 26439615, 12728359, 31048216, 27061088, 26476701, 21974779"
Pt,D010984,1,21894491
"RB5, Reactive Black 5",C063421,2,"31768644, 31768644"
"RES, risedronate sodium",D000068296,2,"30400922, 30400922"
"RO16, Reactive Orange 16",C483723,2,"31768644, 31768644"
"ROS, reactive oxygen species",D017382,2,"27484342, 27484342"
"RV5, Remazol Brilliant Violet 5R",C111247,2,"31768644, 31768644"
Rb+,D012413,1,27771767
"S, Sulfur, sulfur",D013455,24,"24903703, 26476701, 9672687, 26045157, 33538376, 26025020, 9783165, 36000901, 30231921, 33620581, 27290724, 31592688, 33993356, 37520367, 15309564, 10879559, 10972192, 26941731, 20407798, 24030483, 12768450, 18309455, 19625440, 16642262"
"SA, Salicylic Acid, Salicylic acid, salicylic acid",D020156,6,"26909467, 27061088, 26909467, 26909467, 26909467, 27061088"
"SDS, Sodium dodecyl sulfate, sodium dodecyl sulfate",D012967,15,"27240670, 22327111, 19002649, 17027868, 29497843, 15999223, 35137293, 27896501, 31407121, 22359317, 12892493, 15316858, 22260050, 35137293, 31407121"
"Salt, salt, salts",D012492,65,"35630403, 29266533, 29290045, 32323057, 26647770, 8688447, 31734456, 31734848, 29857102, 35137260, 22327111, 35630403, 28255636, 26171779, 11589226, 26159877, 30231921, 33404954, 19930649, 30863668, 35052375, 32833498, 32955600, 31481201, 35742848, 27726599, 15309564, 30701281, 21894491, 26588061, 22887673, 24214268, 26941731, 22583823, 29681022, 27010414, 18427718, 12382117, 24915287, 17006740, 26909467, 18373061, 12768450, 18309455, 24375141, 26696418, 31218179, 20543878, 18769867, 18452025, 15127306, 9783184, 20890499, 19218420, 27061088, 26476701, 21974779, 17406782, 19779762, 26733008, 35137260, 30485446, 25836039, 18309455, 10741837"
"Se, selenium",D012643,4,"33799130, 37499824, 33799130, 19536453"
"Ser, Serine, serine",D012694,19,"27209523, 7908011, 33208066, 32617734, 22327111, 26159877, 29497843, 12910392, 30304581, 31025057, 32528424, 32424739, 31407121, 15022105, 31236718, 22359317, 26696418, 11878564, 12728359"
"Silver, silver",D012834,3,"27891113, 36000901, 27891113"
"Sodium carbonate, natron, sodium carbonate, sodium carbonates",C005686,5,"35137260, 17404715, 15309564, 17404715, 26941731"
"Sugar, sugar, sugars",D000073893,11,"16382574, 27871132, 21974779, 32323057, 33538376, 9783169, 26588061, 28478604, 26941731, 26476701, 10972188"
"TBARS, thiobarbituric acid reactive substances",D017392,2,"26901506, 26901506"
TCA,D014238,2,"34402982, 31048216"
"TMAO, trimethylamine N-oxide",C005855,4,"31734848, 36916005, 31734848, 36916005"
"TMSO, tetramethylene sulfoxide",C038166,2,"33620581, 33620581"
"Te, tellurium",D013691,2,"19536453, 19536453"
Triton X-100,D017830,2,"32617734, 32528424"
"Tryptophan, tryptophan",D014364,4,"9672687, 20703955, 12728359, 17406782"
"Tween 20, Tween 80, Tween-80",D011136,3,"32528424, 32528424, 32617734"
"Vit C, ascorbate, vitamin C",D001205,3,"29292148, 37474779, 29292148"
"Xylooligosaccharides, xylooligosaccharides",C570991,2,"27240670, 36131073"
"Zn, Zn+2",D015032,3,"17027868, 35137293, 37847305"
acetate,D000085,19,"34402982, 23065059, 37681980, 14991423, 33620581, 23881259, 37481751, 10972192, 20407798, 19536453, 20543878, 12728359, 18452025, 15127306, 16708165, 16491340, 11057912, 16932842, 19779762"
acetone,D000096,3,"32617734, 33208066, 26696418"
acetophenone,C038699,2,"38035483, 32418069"
agar,D000362,9,"23686381, 31938738, 19411423, 35137293, 19536453, 26439615, 27114252, 20344941, 22260050"
agarose,D012685,1,22327111
"aldehyde, aldehydes",D000447,2,"32418069, 32418069"
alginate,D000464,1,19002649
alpha-aminoisobutyric acid,C100049,1,11029415
alpha-ketoglutarate,D007656,1,11778838
aminoacyl-tRNA,D012346,1,12486457
aminoglycoside,D000617,1,10972188
ammonia,D000641,3,"27726599, 10879559, 37668803"
ammonium,D064751,2,"30897508, 16932842"
"ammonium sulfate, ammonium sulphate",D000645,5,"38010865, 26159877, 31236718, 31388592, 33208066"
ampicillin,D000667,2,"36260502, 12579380"
amylose,D000688,1,33538376
anthocyanin,D000872,1,31048216
anthracene,D000873,1,37029326
arabinan,C030080,1,27240670
arabinoxylan,C085118,1,27240670
arabitol,C014999,1,28478604
"aragonite, calcium carbonate",D002119,2,"15959626, 35190857"
arecoline,D001115,1,38035483
arsenate,C025657,4,"20407798, 24292445, 19536453, 19218420"
arsenite,C015001,3,"20407798, 24292445, 16491340"
avicel,D002482,1,27240670
aziridine,C033132,1,28425950
basic amino acid,D024361,1,9680297
benzanthracene,C030935,1,28425950
benzene,D001554,1,26159877
benzoate,D001565,1,11778838
beta-1-3,,1,9680321
beta-1-3-glucans,C033363,1,16601914
beta-1-3/1-6-glucan,C033671,1,30400922
beta-alanine,D015091,1,35238571
beta-ketoadipate,C027316,1,14572091
beta-lactam,D047090,1,10972188
"betaine, glycine-betaine",D001622,2,"32323057, 18309455"
bile salts,D001647,1,30701281
bilirubin,D001663,1,24915287
biotin,D001710,1,25293792
brine,C017082,1,33819431
butanol,D000440,1,33208066
caffeic acid,C040048,1,24915287
canola oil,D000074262,1,24287927
"carotenoid, carotenoids",D002338,4,"27215207, 30282060, 22588563, 17404715"
catechol,C034221,2,"36572161, 14572091"
cellobiose,D002475,2,"19625440, 16133657"
cellotetraose,C048468,1,9680321
"chitin, chitins",D002686,2,"31236718, 31236718"
chloramphenicol,D002701,1,12728359
"chloride, chlorides",D002712,6,"35137260, 30897508, 27896501, 18769867, 17404715, 15127306"
chlorine dioxide,C025109,2,"36581887, 36362210"
chloroform,D002725,3,"24846742, 33208066, 26159877"
chlorophyll,D002734,8,"35398716, 24281914, 30282060, 27010414, 26901506, 31048216, 17404715, 27061088"
cholic acid,D019826,1,30457468
cis-cis-muconate,C005939,1,14572091
"cobalamin, vitamin B12",D014805,2,"22559199, 25293792"
coenzyme F420,C015084,1,22559199
coumarin,C030123,1,15332861
cyanide,D003486,2,"12892493, 9672682"
cyclo-C,D003504,1,12579380
cyclodextrins,D003505,1,18401746
cyclohexane,C506365,1,12382117
cyclopentane,D003517,1,16382574
cyclopropane fatty acids,C028775,1,16932842
cysteine,D003545,2,"26439615, 16708165"
diamino acid,D000599,1,31538256
"diethyl ether, ether",D004986,2,"26159877, 32155764"
digalactosyl diacylglycerol,C007388,1,25308761
dimethylamine,C034516,1,28425950
dithionite,D004227,1,12892493
ectoine,C045628,3,"34402982, 29958498, 18309455"
erythromycin,D004917,1,12579380
esculin,D004929,1,12579380
"ester, esters",D004952,4,"28007654, 35688350, 36307049, 22359317"
ethanol,D000431,8,"32617734, 33208066, 9783169, 23881259, 37029326, 27351338, 15127306, 11057912"
ethidium bromide,D004996,1,31218179
ethyl acetate,C007650,1,28425950
"fatty acid, fatty acids",D005227,11,"16215773, 22359317, 11878564, 26439615, 11057913, 16932842, 28007654, 35661272, 16215773, 22297696, 31538256"
fengycin,C049972,1,34681129
fluorescein diacetate,C018506,1,28418707
fluoride,D005459,1,33933779
folic acid,D005492,1,25293792
formaldehyde,D005557,1,10879559
formate,C030544,7,"34402982, 33620581, 23881259, 19536453, 21479878, 15127306, 19779762"
fumarate,D005650,3,"37681980, 15322951, 19536453"
gentamycin,D005839,1,12728359
glucomannan,C022901,1,15316858
glycerol-1-phosphate,C029620,1,28007654
glycogen,D006003,1,33538376
"glycolipid, glycolipids",D006017,2,"33255932, 15841343"
glyoxylate,D006038,1,37481751
glyphosate,C010974,1,31338597
"guanidine, guanidine HCl",D019791,2,"27351338, 12910392"
guanine,D006147,1,28764042
gypsum,D002133,1,29018969
heme,D006418,3,"33645540, 22559199, 12892493"
heme c,C031690,1,12892493
heptose,D006539,1,20890499
hexadecyltrimethylammonium bromide,D000077286,1,12382117
hexahydro-3-(2-methylpropyl)pyrrole[1-2a]pyrazine-1-4-dione,C000612400,1,28425950
hexane,D006586,1,22830585
"histidine, l-histidine",D006639,2,"32424739, 12728359"
homoserine,D006714,1,16708165
"hydrocarbon, hydrocarbons",D006838,7,"16514512, 25293792, 28425950, 31541933, 16514512, 15322951, 15999222"
hydrogen peroxide,D006861,6,"36000901, 26159877, 33645540, 32528424, 12892493, 26901506"
hydroxide,C031356,1,27276261
hydroxyectoine,C121557,1,29958498
hydroxyl radical,D017665,1,21461912
hypoxanthine,D019271,1,28764042
ice,D007053,2,"31087781, 32389811"
iodoacetamide,D007460,1,16708165
isoprenoid,D013729,2,"28007654, 27276261"
kanamycin,D007612,1,12728359
"lactate, lactic acid",D019344,5,"14991423, 23881259, 19536453, 11057912, 11057912"
"lanthanide, lanthanides",D028581,2,"17673945, 17673945"
lichenan,C015968,1,9680321
"lignin, lignin phenols",D008031,3,"34669438, 27920761, 36581887"
linoleic acid,D019787,1,21461912
lipid A,D008050,1,33255932
"lipid bilayer, lipid bilayers",D008051,2,"16382574, 32155764"
lipoteichoic acid,C009900,1,36094301
lithium,D008094,2,"35052375, 24859438"
magadiite,C542338,1,32321943
magnesium perchlorate,C016547,1,32833498
magnetite,D052203,1,21605309
malate,C030298,2,"9783168, 27010414"
malondialdehyde,D008315,2,"37474779, 27010414"
maltose,D008320,2,"19888547, 31218179"
mannitol,D008353,3,"28478604, 19625440, 15127306"
mannose,D008358,4,"28087527, 19888547, 19625440, 15127306"
menadione,D024483,1,36000901
"menaquinone, menaquinones",D024482,3,"35661272, 31538256, 9672682"
meso-diaminopimelic acid,D003960,3,"35661272, 22297696, 31538256"
methanol,D000432,5,"32617734, 33208066, 35137293, 10879559, 22359317"
methionine,D008715,2,"33645540, 16708165"
methylene blue,D008751,1,10972192
microcystins,D052998,1,28737704
monosaccharides,D009005,1,15316858
muconolactone,C039879,1,14572091
n-hexadecane,C007932,1,25293792
nalidixic acid,D009268,1,12579380
neutral red,D009499,1,21894491
nitrite,D009573,5,"10879559, 19536453, 18452025, 10741837, 16491340"
nitrogen,D009584,16,"35398716, 33208066, 37987855, 30231921, 27290724, 37481751, 31592688, 33993356, 26547282, 30897508, 10879559, 24927538, 32050135, 18427718, 27737605, 18769867"
nodularins,C063998,1,28737704
novobiocin,D009675,1,36260502
o-dianisidine,D003962,1,12892493
o-xylene,C026114,1,15999222
oil,D009821,4,"25293792, 27351338, 15999222, 24455210"
oligonucleotide,D009841,1,19387766
oligosaccharides,D009844,1,15316858
ornithine,D009952,1,16932842
"orthophosphate, phosphate",D010710,4,"37987855, 31679078, 31781937, 11747292"
oxide,D010087,2,"37681980, 27903085"
oxypurinol,D010117,1,28425950
ozone,D010126,1,26733008
p -nitrophenol,C024836,1,22359317
p -nitrophenyl acetate,C008642,1,22359317
p-nitrophenyl butyrate,C033592,1,27351338
penicillin,D010406,1,36260502
phenanthrene,C031181,1,25293792
phenolic,C017616,1,36581887
phenols,D010636,1,36581887
phenyl hydrazine,C030299,1,24915287
phosphatidic acids,D010712,1,28478604
phosphatidylglycerophosphate methyl ester,C407124,1,15841343
phosphocholine,D010767,1,11747292
phosphorous,D010757,1,38225962
poly,C017937,1,37317247
poly(ethylene glycol),D011092,1,29932648
poly(vinyl alcohol),D011142,2,"31087781, 29932648"
polyacrylamide,C016679,2,"31734848, 35137293"
polyacrylamide gel,C016680,1,31407121
polyols,C024617,1,10972188
polysaccharide,D011134,2,"22559199, 20890499"
polysarcosine,C015475,1,37303170
"polysulfide, polysulfides",C032915,4,"15309564, 20407798, 16491340, 24030483"
potassium,D011188,5,"38035483, 35052375, 30457468, 12215811, 11057912"
pristane,C009042,1,15999222
promazine,D011395,1,24915287
propanol,D000433,1,27351338
propionate,D011422,2,"20407798, 16932842"
propionic acid,C029658,1,31481201
propylparaben,C006068,1,38035483
protochlorophyllide,D011521,1,18427718
purine,C030985,1,28764042
pyridine,C023666,1,12892493
pyridoxine,D011736,1,25293792
pyrogallol,D011748,1,27896501
pyrophosphate,C107241,1,31781937
pyruvate,D019289,4,"34402982, 12728359, 19625440, 11778838"
resazurin,C005843,1,18335164
riboflavin,D012256,2,"25293792, 22559199"
ribose,D012266,2,"19625440, 15127306"
scytonemin,C083368,1,17404715
selenate,D064586,1,19536453
selenite,D020887,2,"33799130, 19536453"
"sesquiterpenes, sesquiterpenoid",D012717,2,"12932132, 15332861"
shinorine,C494891,1,24375141
short chain fatty acids,D005232,1,22359317
silica,D012822,2,"25574563, 22367932"
silicate,D017640,1,32321943
sodium sulfate,C012036,1,35137260
sodiumdeoxycholate,D003840,1,17027868
sphingolipids,D013107,1,28478604
spirilloxanthin,C055255,1,27215207
spiroketal,C520774,1,16808526
starch,D013213,5,"34402982, 33404954, 30457468, 11029415, 10972188"
sterols,D013261,1,28478604
streptomycin,D013307,1,36260502
succinate,D019802,1,9783168
sucrose,D013395,6,"32323057, 33030592, 27010414, 31218179, 15127306, 10972188"
sugar alcohols,D013402,1,32323057
"sulfate, sulphate",D013431,14,"21605309, 35137260, 35384246, 27290724, 23881259, 33933779, 15309564, 10972192, 24030483, 16642262, 21479878, 17404715, 19218420, 29018969"
sulfide,D013440,11,"24903703, 37481751, 15309564, 20407798, 24292445, 24030483, 12768450, 19625440, 21479878, 16491340, 26045157"
sulfite,D013447,2,"37520367, 21479878"
sulfonamide,D013449,1,10972188
sulfoxide,C005746,1,33620581
sulfoxides,D013454,1,33620581
superoxide,D013481,2,"37474779, 26901506"
tannic acid,D013634,1,24915287
teichuronic acid,C010788,1,9680297
teichuronopeptides,C065664,1,9680297
tellurate,C026660,1,19536453
tetracycline,D013752,1,12728359
tetrathionate,D013776,1,37520367
"thiamin, thiamine",D013831,2,"25293792, 22559199"
thiol,D013438,1,12910392
thiosulfate,D013885,7,"33538376, 37481751, 37520367, 15309564, 12768450, 19625440, 21479878"
threonine,D013912,1,34402982
toluene,D014050,1,26159877
torulene,C078922,1,27215207
trehalose,D014199,3,"32323057, 34402982, 28478604"
"triacylglycerol, triacylglycerols",D014280,2,"36307049, 17027868"
tricaprylin,C003637,1,24287927
trimethoprim,D014295,1,10972188
tyrosine,D014443,2,"26696418, 12932132"
"unsaturated fatty acid, unsaturated fatty acids",D005231,2,"11057913, 11057913"
uranium,D014501,1,36000901
urea,D014508,8,"31734848, 36916005, 12910392, 35190857, 32528424, 27351338, 31218179, 17406782"
valine,D014633,1,12728359
valinomycin,D014634,1,27276261
vancomycin,D014640,1,36260502
vermistatin,C051060,1,22295871
vinyl,D014753,1,37303170
xanthurenic acid,C028330,1,38035483
xylan,D014990,3,"27240670, 17006740, 19625440"
xylenes,D014992,1,15999222
xylobiose,C004173,1,27240670
xylose,D014994,2,"19625440, 15127306"
zinc acetate,D019345,1,27903085
zinc oxide,D015034,1,27903085
