Gene,GeneID,PMID
AP,13916924,12072958
Caspase-1,834,22295871
Chl,91851,31679078
Ikka,1147,16770690
Ikka,1147,27900683
L-1,16728,28045976
NapB,63908,19050822
Ndh-2,1660,37577439
No Data,,27903085
No Data,,29681022
No Data,,29018969
No Data,,30282060
No Data,,22583823
No Data,,32050135
No Data,,18401746
No Data,,23568449
No Data,,25308761
No Data,,31781937
No Data,,38252174
No Data,,20407798
No Data,,27484342
No Data,,27278384
No Data,,26941731
No Data,,36937286
No Data,,15022105
No Data,,27351338
No Data,,31236718
No Data,,30796503
No Data,,12486457
No Data,,26909467
No Data,,17006740
No Data,,24030483
No Data,,22359317
No Data,,24996797
No Data,,12215811
No Data,,15064989
No Data,,17298474
No Data,,24915287
No Data,,25450641
No Data,,27737605
No Data,,18427718
No Data,,22830585
No Data,,27010414
No Data,,21600188
No Data,,16601914
No Data,,12910386
No Data,,27059740
No Data,,27215207
No Data,,24292445
No Data,,22559199
No Data,,15064991
No Data,,31407121
No Data,,28764042
No Data,,20718295
No Data,,26242906
No Data,,37667571
No Data,,30457468
No Data,,28425950
No Data,,30716444
No Data,,30897508
No Data,,35190857
No Data,,30701281
No Data,,32157393
No Data,,31768644
No Data,,15322951
No Data,,11139081
No Data,,28389755
No Data,,30304581
No Data,,15309564
No Data,,26290358
No Data,,27726599
No Data,,10741831
No Data,,10357000
No Data,,25574563
No Data,,32525738
No Data,,10879559
No Data,,21894491
No Data,,26026992
No Data,,32424739
No Data,,29450709
No Data,,24214268
No Data,,28478604
No Data,,32528424
No Data,,31087168
No Data,,37474779
No Data,,37668803
No Data,,15959626
No Data,,22311159
No Data,,27891113
No Data,,31025057
No Data,,33030592
No Data,,10972192
No Data,,22887673
No Data,,26588061
No Data,,27896501
No Data,,18622572
No Data,,15064977
No Data,,30536130
No Data,,37499824
No Data,,18373061
No Data,,12768450
No Data,,31538256
No Data,,24287927
No Data,,27114252
No Data,,21424516
No Data,,21974779
No Data,,26476701
No Data,,28000023
No Data,,21461912
No Data,,27061088
No Data,,16133657
No Data,,19218420
No Data,,16491340
No Data,,12579380
No Data,,18335164
No Data,,20890499
No Data,,17404715
No Data,,9783184
No Data,,23609187
No Data,,20373120
No Data,,16708165
No Data,,24455210
No Data,,11699647
No Data,,15480866
No Data,,17215355
No Data,,26045157
No Data,,20657662
No Data,,9672682
No Data,,7908011
No Data,,11778838
No Data,,11747292
No Data,,18957864
No Data,,24726350
No Data,,19779762
No Data,,16932842
No Data,,17406782
No Data,,22260050
No Data,,11057913
No Data,,20344941
No Data,,15844013
No Data,,23708551
No Data,,15841343
No Data,,11354456
No Data,,10972188
No Data,,16382574
No Data,,10972189
No Data,,26859958
No Data,,11057912
No Data,,18048917
No Data,,27142029
No Data,,15999222
No Data,,12932132
No Data,,12728359
No Data,,26337149
No Data,,26439615
No Data,,26901506
No Data,,26543264
No Data,,21555270
No Data,,21607550
No Data,,12892493
No Data,,20543878
No Data,,19536453
No Data,,31218179
No Data,,11878564
No Data,,26696418
No Data,,24375141
No Data,,19888547
No Data,,25496221
No Data,,27315164
No Data,,24859438
No Data,,18309455
No Data,,14572091
No Data,,15252724
No Data,,18385928
No Data,,27920761
No Data,,22052561
No Data,,29689924
No Data,,11029415
No Data,,15127306
No Data,,31048216
No Data,,32321943
No Data,,27209523
No Data,,15316858
No Data,,22367932
No Data,,10741837
No Data,,18452025
No Data,,18769867
No Data,,23625082
No Data,,15332861
No Data,,22588563
No Data,,30656425
No Data,,26791382
No Data,,27283019
No Data,,21479878
No Data,,9672687
No Data,,24297704
No Data,,16642262
No Data,,19625440
No Data,,19840102
No Data,,26547282
No Data,,19387766
No Data,,12910392
No Data,,33925342
No Data,,34545451
No Data,,21605309
No Data,,36581887
No Data,,33819431
No Data,,20640865
No Data,,29270851
No Data,,24414409
No Data,,27240670
No Data,,33208066
No Data,,26090360
No Data,,24846742
No Data,,35398716
No Data,,36260502
No Data,,30888506
No Data,,28418707
No Data,,29857102
No Data,,32617734
No Data,,9783163
No Data,,18378586
No Data,,36414646
No Data,,9783168
No Data,,34669438
No Data,,32617733
No Data,,19002649
No Data,,35630403
No Data,,37303170
No Data,,10805564
No Data,,33515353
No Data,,9783179
No Data,,22327111
No Data,,36149604
No Data,,9680297
No Data,,36131073
No Data,,37681980
No Data,,33090301
No Data,,31564490
No Data,,38010865
No Data,,36094301
No Data,,35238571
No Data,,35661272
No Data,,34389775
No Data,,36000901
No Data,,35137260
No Data,,29958498
No Data,,37982082
No Data,,31624306
No Data,,9783165
No Data,,37847305
No Data,,36307049
No Data,,33643258
No Data,,37317247
No Data,,11809961
No Data,,35688350
No Data,,31541933
No Data,,8688447
No Data,,30796504
No Data,,37367588
No Data,,9783173
No Data,,26647770
No Data,,32323057
No Data,,37490857
No Data,,29290045
No Data,,26780356
No Data,,29266533
No Data,,28007654
No Data,,33763123
No Data,,15046570
No Data,,37118007
No Data,,26733008
No Data,,9783164
No Data,,31734456
No Data,,31273417
No Data,,27771767
No Data,,31734848
No Data,,34458243
No Data,,31087781
No Data,,16514512
No Data,,28737704
No Data,,25443670
No Data,,21340748
No Data,,31388592
No Data,,27362528
No Data,,29538737
No Data,,33123748
No Data,,36031955
No Data,,11234023
No Data,,23686381
No Data,,34402982
No Data,,9680303
No Data,,37839067
No Data,,33538376
No Data,,29392527
No Data,,37046169
No Data,,23065059
No Data,,38285274
No Data,,31041481
No Data,,29932648
No Data,,25836039
No Data,,35052375
No Data,,27871132
No Data,,35587636
No Data,,37427410
No Data,,34310933
No Data,,33933779
No Data,,30863668
No Data,,17027868
No Data,,19930649
No Data,,24638260
No Data,,23881259
No Data,,17429572
No Data,,27290724
No Data,,33404954
No Data,,22297696
No Data,,33620581
No Data,,38035483
No Data,,28715207
No Data,,29476252
No Data,,34681129
No Data,,37481751
No Data,,31592688
No Data,,18097633
No Data,,37520367
No Data,,25293792
No Data,,35742848
No Data,,35137293
No Data,,15999223
No Data,,31481201
No Data,,32389811
No Data,,32418069
No Data,,24281914
No Data,,29497843
No Data,,37029326
No Data,,36721347
No Data,,29292148
No Data,,32955600
No Data,,32833498
No Data,,33645540
No Data,,31722266
No Data,,28087527
No Data,,29779132
No Data,,33993356
No Data,,30231921
No Data,,38133826
No Data,,30105570
No Data,,37819713
No Data,,32155764
No Data,,15856134
No Data,,26159877
No Data,,28255636
No Data,,34322108
No Data,,26263620
No Data,,38225962
No Data,,14991423
No Data,,37987855
No Data,,20209526
No Data,,35652980
No Data,,9680321
No Data,,31938738
No Data,,30485446
No Data,,24817611
No Data,,36362210
No Data,,31606813
No Data,,24903703
No Data,,36000998
No Data,,36572161
No Data,,26171779
No Data,,17673945
No Data,,20703955
No Data,,35021589
No Data,,22350256
No Data,,33255932
No Data,,36569062
No Data,,30266724
No Data,,34228196
No Data,,16215773
No Data,,34777269
No Data,,19411423
No Data,,33799130
No Data,,35384246
No Data,,11589226
ORF-1,1115973,11057908
ORF-4,1115988,11057908
PEP,828706,31338597
PH,5053,27276261
PIP1,856754,34256694
PRB,10536,36916005
Rhbg,57127,36250323
TAK,1025,34093984
acid 1,81857,16808526
alkaline phosphatase,13916924,22212656
alkaline phosphatase,13916924,12072958
caspase-1,834,22295871
fog,161882,24927538
hMDH,4191,12382117
interleukin-1beta,3553,22295871
mL-1,16728,28045976
neuraminidase,4758,33977442
osteocalcin,12097,30400922
pH,5053,26025020
protein B,10536,36916005
sea,6395,20091326
spa,653509,24430481
tap,10482,32533304
vma3,856686,9783169
