Diseases,DiseaseID,PMID
alkaliphilic,No Data,30796503
No Data,,37118007
extremophilic organisms,D019965 ,15046570
 alkaliphilic,No Data,15046570
No Data,,33763123
No Data,,28007654
Heterolobosea,No Data,29266533
No Data,,26780356
haloalkaliphilic fungi,No Data,29290045
Extremophilic and extremotolerant fungi,No Data ,37490857
 Extremophilic organisms,D019965 ,37490857
 Stress,D000079225,37490857
haloalkaliphilic bacteria,C537702,32323057
No Data,,32533304
dryness,D014987,26733008
No Data,,26647770
Alkaliphilic/Alkali-Tolerant Fungi,D006934 ,37367588
 Alkaliphilic and alkali-tolerant fungi,D006934,37367588
Alkaliphilic,No Data ,30796504
 alkaliphilic microbial,D015163,30796504
exceptions extremophilic bacteria,C537702,8688447
No Data,,31541933
Extremophilic lipases,614025,35688350
 cold active thermophilic and psychrophilic lipases,D000067390 ,35688350
 alkaliphilic lipases,614025,35688350
 extremophilic lipases,614025,35688350
 alkaliphilic,No Data,35688350
No Data,,11809961
toxicity,D064420,37317247
stress,D000079225,33643258
No Data,,36307049
thermophilic alkaliphiles,No Data ,9783173
 alkalithermophilic bacteria,C537702,9783173
Alkaliphilic,No Data ,9783164
 alkaliphilic Bacillus,D000881,9783164
cancer,D009369,31734456
fascinating alkaliphiles' pH homeostasis,D010677,31273417
No Data,,37046169
No Data,,29392527
halo(alkali)philic archaea,D006934 ,33538376
 halo(natrono)archaea,D055882 ,33538376
 neutrophilic haloarchaea,C564275 ,33538376
 hypersaline anoxic habitats,D002534,33538376
Extremophilic microbial metabolism,D015163,37839067
alkaliphilic Bacillus,D000881,9680303
stress,D000079225,34402982
stress,D000079225,23686381
No Data,,11234023
alkaliphilic biofilms,No Data,36031955
numerous haloalkaliphilic,No Data ,26025020
 haloalkaliphilic organisms,D019965,26025020
decrease of alkaliphilic tolerance,D018149 ,33123748
 alkaliphilic bacteria,C537702,33123748
polyextremotolerant fungi,No Data ,29538737
 chromoblastomycosis,D002862 ,29538737
 subcutaneous infection,D007239 ,29538737
 cerebral phaeohyphomycosis,D060425 ,29538737
 Chromoblastomycosis,D002862,29538737
alarming rise,D051270,27362528
No Data,,31388592
halophilic archaea,No Data ,21340748
 alkaliphilic,No Data,21340748
No Data,,25443670
Toxicity,D064420 ,28737704
 paralytic,D007418 ,28737704
 Oscillatoria,No Data,28737704
No Data,,16514512
No Data,,31087781
Extremophilic Oxidoreductases,D054882 ,34458243
 low toxicity,D009800 ,34458243
 extremophilic oxidoreductases,D054882,34458243
No Data,,31734848
MotPS of alkaliphilic Bacillus,D000881 ,27771767
 MotPS-type flagellar motor of alkaliphilic Bacillus alcalophilus AV1934,D000881 ,27771767
 flagellar rotation,D009069,27771767
haloalkaliphilic phototrophic bacteria Ectothiorodospirea,C537702 ,37847305
 haloalkaliphilic phototrophic bacteria Ectothiorhodospirea,C537702,37847305
No Data,,23065059
alkaliphilic,No Data,9783165
halo-alkaliphilic microbes,D055882 ,37982082
 extremophilic conditions,D000071069,37982082
No Data,,18378586
No Data,,9783163
No Data,,32617734
No Data,,11057908
No Data,,36916005
polyextremophilic,No Data,29857102
extremophilic photosynthetic,No Data ,28418707
 stress,D000079225 ,28418707
 radiation damage,D011832 ,28418707
 Extremophiles-Stress-High temperatures-UV radiation-Desiccation,D000079225,28418707
Navicymbula pusilla,No Data ,30888506
 fragile habitats,D005600,30888506
alkalithermotolerans,No Data ,36260502
 alkaliphilic,No Data ,36260502
 alkaliphilic Methanobacterium alcaliphilum,No Data,36260502
depression,D000275,35398716
No Data,,24846742
dryness,D014987,36414646
Cold,D000067390 ,27900683
 cold,D000067390 ,27900683
 permanently cold,D003638,27900683
Alkaliphilic,No Data ,26090360
 Alkaliphilic bacteria,C537702 ,26090360
 alkaliphilic bacteria,C537702,26090360
No Data,,27240670
acidic solfatara,D011015,24414409
alkaliphilic,No Data ,29270851
 HaNhaD,No Data,29270851
No Data,,20640865
No Data,,33819431
alkaliphilic,No Data ,36581887
 new alkaliphilic,C000657245,36581887
alkaliphilic,No Data,21605309
No Data,,34545451
abiotic stresses,D000079225 ,33925342
 dehydration,D003681 ,33925342
 cold,D000067390 ,33925342
 stress,D000079225,33925342
Cardiovascular Diseases,D002318 ,33208066
 CVDs,D002318 ,33208066
 stroke,D020521 ,33208066
 vascular disease,D000783 ,33208066
 ischemic heart disease,D003324 ,33208066
 acute myocardial infarction,D009203 ,33208066
 death,D003643,33208066
Alkaliphilic Bacillus,D000881,9783168
No Data,,34669438
No Data,,32617733
dehydration,D003681 ,29958498
 extremophilic bacteria,C537702,29958498
No Data,,35137260
rheumatic disorders,D012216,36000901
Tokorhabditis,No Data ,34389775
 Tokorhabditis tufae,No Data ,34389775
 Auanema,No Data,34389775
Evansella halocellulosilytica,No Data ,35661272
 alkali-halotolerant,D006934,35661272
No Data,,35238571
KPD,D003922 ,36094301
 cytotoxicity,D064420 ,36094301
 infectious diseases,D003141,36094301
No Data,,37577439
extremophile Exiguobacterium alkaliphilum VLP1,No Data,38010865
extremophile nematodes,D009349,31564490
No Data,,33090301
abiotic stress,D000079225,34256694
haloalkaliphilic Geoalkalibacter,No Data,37681980
vacuolar pH,C536522 ,9783169
 vacuolar H,C536522,9783169
No Data,,36131073
Extremophilic Actinomycetes Strains,D000193 ,33977442
 Extremophilic actinomycetes,D000193,33977442
alkaliphilic,No Data,9680297
No Data,,36149604
alkaliphilic actinomycetes,D000193 ,22327111
 tolerant alkaliphilic,D018149 ,22327111
 tolerant alkaliphilic actinomycetes,D000193,22327111
No Data,,9783179
hyper-thermostability,D053306,33515353
alkaliphilic Bacillus,D000881 ,10805564
 alkaliphilic,No Data,10805564
alkaliphilic,No Data,31041481
alkaliphilic,No Data ,35630403
 extremophilic anoxygenic phototroph,No Data,35630403
genus Alcolapia,D056304 ,36250323
 subgenus Alcolapia,No Data ,36250323
 Alcolapia retain,D018457 ,36250323
 Alcolapia,No Data ,36250323
 Alcolapia alcalica excretes,D011507,36250323
Klebsiella enzyme,D007710,19002649
dehydration,D003681,31624306
dryness,D014987 ,38285274
 stress,D000079225 ,38285274
 death,D003643,38285274
amphipathic metallohelicies,No Data,28715207
toxicity,D064420,29932648
No Data,,36000998
No Data,,24903703
No Data,,31606813
No Data,,31679078
No Data,,36362210
Kokuria flava,No Data,24817611
dryness,D014987 ,30485446
 HAALs,No Data,30485446
haloalkaliphilic,No Data,31938738
No Data,,9680321
permanently cold,D003638 ,16770690
 cold-active alkaliphiles,D000067390 ,16770690
 alkaliphilic or psychrophilic bacteria,C537702,16770690
No Data,,35652980
insufficiency,D000309,36572161
No Data,,20209526
No Data,,14991423
No Data,,38225962
Haloalkaliphilic Cyanobacteria,No Data ,26263620
 haloalkaliphilic cyanobacteria,No Data ,26263620
 Extremophilic haloalkaliphilic cyanobacteria,No Data,26263620
No Data,,34322108
No Data,,28255636
alkaliphilic,No Data,30105570
No Data,,15856134
No Data,,32155764
extremophile cyanobacterium Chroococcidiopsis,No Data ,37819713
 Microcystis aureginosa,No Data,37819713
blooms,D001816,37987855
Alkaliphilic Halotolerant,No Data ,26171779
 alkaliphilic halotolerant,No Data,26171779
extremophilic algal strain Galdieria sulphuraria,D013180,35021589
blooms,D001816 ,35384246
 algal blooms,D001816,35384246
haloalkaliphilic bacteria,C537702,33799130
acidophilic Acidiphilium,D000239 ,19411423
 alkaliphilic Bacillus,D000881,19411423
Antarctic Peninsula Region,D003424 ,34228196
 Antarctic Peninsula,No Data,34228196
No Data,,30266724
No Data,,16215773
No Data,,36569062
Antarctic bacteria,C537702 ,33255932
 extremophile bacteria,C537702,33255932
alkaliphilic,No Data ,20703955
 alkali-tolerant filamentous fungi,D006934 ,20703955
 alkaliphilic glycosyl hydrolase,C531854,20703955
hyper-alkaline,D053306,22350256
hyperthermophilic archaea,No Data,11589226
No Data,,34777269
halotolerant alkaliphilic,No Data,26159877
haloalkaliphilic,No Data,30231921
stress,D000079225,24281914
No Data,,38133826
hemiparasitic,No Data ,38035483
 infected branch,D007239 ,38035483
 infection,D007239,38035483
alkaliphilic haloarchaea,No Data,33620581
cold,D000067390 ,22297696
 Paraliobacillus quinghaiensis YIM-C158(T,D001260 ,22297696
 Paraliobacillus ryukyuensis O15-7(T,D020754,22297696
haloalkaliphilic actinomycete,D000193 ,33404954
 fitness,D012640,33404954
No Data,,27290724
Alkaliphilic,No Data,17429572
Buriatia,No Data ,23881259
 alkaliphilic,No Data,23881259
No Data,,24638260
alkaliphilic,No Data,34093984
No Data,,19930649
No Data,,12072958
No Data,,17027868
extremophile actinomycetes,D000193,30863668
No Data,,33933779
No Data,,34310933
extremophile viviparous nematode,D009349 ,37427410
 Tokorhabditis tufae,No Data,37427410
No Data,,35587636
turnover of dead organic matter,D001926 ,27871132
 conidial swelling,D004487,27871132
stress,D000079225 ,35052375
 abiotic stresses,D000079225,35052375
No Data,,25836039
No Data,,29476252
Stress-Tolerant Bacillus halotolerans Strain,D000079225,34681129
No Data,,37481751
No Data,,31592688
No Data,,29779132
Stress,D000079225,28087527
abiotic stress,D000079225,31722266
No Data,,31338597
No Data,,33645540
Cold,D000067390 ,32833498
 halophilic/psychrophilic bacteria,C537702,32833498
No Data,,32955600
emulsification,No Data ,29292148
 emulsify,No Data,29292148
infection,D007239,36721347
No Data,,37029326
No Data,,33993356
No Data,,29497843
No Data,,32418069
No Data,,32389811
No Data,,31481201
No Data,,15999223
No Data,,35137293
Stresses,D000079225 ,35742848
 shock,D012769 ,35742848
 stress,D000079225 ,35742848
 abiotic stresses,D000079225 ,35742848
 osmotic stresses,D000079225 ,35742848
 rosea to abiotic stresses,D000079225,35742848
No Data,,25293792
fitness,D012640 ,37520367
 chemolithoautotrophic iron reducer,C536418,37520367
No Data,,18097633
deep-sea psychrophilic,D009041 ,12910392
 SDS,D000081003,12910392
No Data,,37303170
genus Alcolapia,D056304 ,26547282
 Alcolapia,No Data ,26547282
 tilapia,No Data,26547282
No Data,,31538256
haloalkaliphilic Archaea,No Data,10357000
No Data,,19387766
halotolerant alkaliphiles,No Data ,27726599
 alkaliphilic,No Data ,27726599
 lipolytic halotolerant alkaliphilic,No Data,27726599
No Data,,26290358
alkaliphilic,No Data,15309564
Mauritia flexuosa palm,C535620,30304581
hypertrophic condition,D000071069 ,28389755
 hypertrophic,D006984,28389755
alkaliphilic,No Data,11139081
Novel alkaliphilic,C000657245,15322951
No Data,,25574563
No Data,,31768644
No Data,,19050822
Streptococcus thermophilus LMD-9 and Lactobacillus rhamnosus GG,C537267,30701281
desiccation stress,D000079225,35190857
stresses,D000079225 ,30897508
 dry matter,D015352,30897508
No Data,,30716444
No Data,,28425950
Alkaliphilic organisms,D019965 ,30457468
 alkaliphilic,No Data ,30457468
 alkaliphilic adaptation,D018489 ,30457468
 stresses,D000079225,30457468
C3 extremophile,C565169,37667571
No Data,,27276261
No Data,,26242906
halophilic archaeon Natrialba aegyptiaca,No Data,20718295
Antarctica Peninsula,No Data,32157393
No Data,,32525738
alkaliphilic methanotroph,No Data,10879559
alkaliphilic,No Data ,28045976
 extremophilic Euryarchaeota,No Data,28045976
No Data,,21894491
No Data,,30536130
No Data,,15064977
deep Antarctic,D057887,18622572
No Data,,27896501
No Data,,26588061
haloalkaliphilic,No Data,22887673
alkaliphilic,No Data,10972192
alkaliphilic metabolism,D008659 ,33030592
 hallmarks linking alkaliphilic bacteria,D053632 ,33030592
 alkaliphilic bacteria,C537702,33030592
extremophilic bacteria,C537702,31025057
death,D003643 ,27891113
 MBC,D001943,27891113
No Data,,22311159
No Data,,24927538
No Data,,15959626
No Data,,37668803
No Data,,37474779
Oocystis submarina Lagerheim,No Data,31087168
No Data,,32528424
alkaliphilic fungus,D009181 ,28478604
 alkaliphilic bacteria and alkalitolerant fungi,C537702 ,28478604
 alkaliphilic S,D018455,28478604
leukemia,D007938 ,22295871
 leukemia cancer,D009369 ,22295871
 Cancer,D009369,22295871
abiotic stresses,D000079225,24214268
No Data,,29450709
No Data,,32424739
Antarctic Peninsula,No Data,20091326
No Data,,31407121
No Data,,28764042
zooplankton,No Data,37499824
No Data,,15064991
No Data,,12486457
No Data,,24430481
alkaliphilic,No Data,15022105
picoalga Picocystis salinarum,No Data ,36937286
 exclusive haloalkaliphilic,C580202 ,36937286
 haloalkaliphilic picoalgal,No Data ,36937286
 glucose metabolism,D044882 ,36937286
 hyperosmotic conditions,D000071069,36937286
No Data,,26941731
rigidity,D009127,27278384
No Data,,27484342
haloalkaliphilic sulfur-reducing bacterium Desulfurispirillum alkaliphilum,C564972,20407798
shock,D012769 ,38252174
 shock proteins,D012769 ,38252174
 stresses,D000079225 ,38252174
 hyperosmolar stress,D000079225,38252174
extremophyte Eutrema salsugineum,No Data ,31781937
 Eutrema,No Data,31781937
stress,D000079225 ,25308761
 osmotic stress,D000079225,25308761
Leptolyngbya and Geitlerinema,No Data,23568449
novel alkaliphilic bacillus,C000657245 ,18401746
 alkaliphilic,No Data,18401746
No Data,,32050135
alkali stresses,D000079225 ,22583823
 stress,D000079225,22583823
Antarctic lichen Dermatocarpon polyphyllizum,D018459,30282060
No Data,,29018969
halotolerant fungus Aspergillus glaucus CCHA,D001228,29681022
No Data,,27903085
synchrotron radiation circular dichroism,D011832 ,27351338
 SRCD,D011832,27351338
halotolerant subtilisin SAPN,No Data,31236718
archaeal extremophilic,No Data,25450641
No Data,,24292445
psychrotolerant,No Data,27215207
No Data,,27059740
ovarian cancer,D010051 ,16808526
 Cancer,D009369,16808526
No Data,,12910386
No Data,,16601914
alkaliphilic,No Data ,21600188
 F(1)F,102510,21600188
No Data,,27010414
dehydration,D003681,22830585
genus Ralstonia,D056304,18427718
halophilic archaea,No Data ,22559199
 haloalkaliphilic archaeon,No Data,22559199
alkali-thermotolerant,D006934,27737605
No Data,,12382117
clausii cotA,No Data,24915287
osteoporosis,D010024,30400922
fitness,D012640,17298474
Klebsiella,D007710,15064989
halophilic archaea,No Data,12215811
No Data,,24996797
extremophilic Geodermatophilus obscurus,No Data,22359317
haloalkaliphilic bacteria,C537702 ,24030483
 alkaliphilus,No Data,24030483
No Data,,17006740
Stress,D000079225,26909467
CotB anchor,C537277,26026992
No Data,,18373061
No Data,,27142029
haloalkaliphilic,No Data,12768450
psychrophilic and psychrotolerant,No Data ,15252724
 psychrotolerant,No Data,15252724
toxicity,D064420,14572091
alkaliphilic,No Data,18309455
depression,D000275 ,24859438
 Verrucomicrobia,No Data,24859438
No Data,,27315164
water deficits,D000069578,25496221
No Data,,19888547
No Data,,24375141
No Data,,26696418
alkaliphilic Bacillus,D000881,11878564
No Data,,22212656
No Data,,31218179
No Data,,19536453
haloalkaliphile's metabolism,D008659,20543878
No Data,,12892493
alkaliphilic thermophilic,No Data,21607550
N-E Tunisia,D016751,21555270
Death,D003643 ,26543264
 dryness,D014987,26543264
No Data,,26901506
amphiphilic aquachelin,No Data,26439615
No Data,,26337149
haloalkaliphilic,No Data,12728359
Winnipegosis,No Data,18385928
alkaliphilic,No Data,22052561
No Data,,19840102
vasa deferentia,C535984,29689924
No Data,,19625440
deep-sea cold,D000067390 ,16642262
 Epsilonproteobacteria,No Data,16642262
No Data,,24297704
hyperthermophilic archaeon,No Data,9672687
No Data,,21479878
Leonardo di,D003643,27283019
thermophilic archaea,No Data,26791382
No Data,,30656425
alkaliphilic heliobacteria,No Data ,22588563
 alkaliphilic,No Data ,22588563
 neutrophilic heliobacteria,C564275,22588563
No Data,,15332861
No Data,,23625082
No Data,,18769867
No Data,,18452025
novel alkaliphilic organotrophic,C000657245,10741837
No Data,,22367932
broth of alkaliphilic,No Data ,15316858
 hydrolyzed galactomannan,No Data,15316858
Cold,D000067390,27209523
Alcolapia,No Data,32321943
water deficit stress,D003681,31048216
alkaliphilic,No Data ,15127306
 alkaliphilic bacteria,C537702,15127306
alkaliphilic,No Data,11029415
migraine,D008881,12932132
extremophilic fungi,No Data ,27920761
 genus Curvularia,D056304,27920761
No Data,,15999222
No Data,,17215355
No Data,,11699647
No Data,,24455210
No Data,,16708165
shock,D012769 ,20373120
 cold,D000067390,20373120
alkaliphilic or alkalitolerant,No Data ,23609187
 alkaliphilic,No Data ,23609187
 alkaliphilic bacterial genera,D016920,23609187
No Data,,9783184
No Data,,17404715
haloalkaliphilic bacterium Halomonas alkaliantarctica,No Data,20890499
No Data,,18335164
No Data,,12579380
haloalkaliphilic bacteria,C537702 ,16491340
 Alkalispirillum-Alkalilimnicola,No Data ,16491340
 genera Alkalispirillum and Alkalilimnicola,No Data ,16491340
 haloalkaliphilic,No Data,16491340
Strain SLAS-1(T,D013180 ,19218420
 arrABD,No Data ,19218420
 SLAS-1(T,D049932,19218420
No Data,,16133657
toxicity,D064420 ,27061088
 dehydration,D003681 ,27061088
 phytotoxicity,No Data ,27061088
 toxicity symptoms,D051271,27061088
No Data,,21461912
dehydrated thallus of the Antarctic,D003681 ,28000023
 alga Prasiola crispa,No Data,28000023
P deficiency,C537241,26476701
Phosphorus deficiency,D010760 ,21974779
 P stress,D000079225 ,21974779
 P deficiency,C537241,21974779
Sphingobacteria,No Data,21424516
No Data,,27114252
No Data,,24287927
No Data,,15480866
psychrotolerant species of Cyanobacteria,C564159,26045157
alkaliphilic,No Data,18048917
No Data,,20657662
No Data,,11057912
Extremophilic Yeast Yarrowia Lipolytica,D002181 ,26859958
 pH-Stress,D000079225 ,26859958
 SODs,No Data,26859958
rrnC-rrnD,No Data ,10972189
 rrnJ-rrnW,No Data,10972189
No Data,,16382574
halotolerant and psychrotolerant,No Data ,10972188
 alkaliphilic Bacillus,D000881,10972188
No Data,,11354456
novel haloalkaliphilic archaea,C000657245 ,15841343
 haloalkaliphilic archaea,No Data ,15841343
 motile pleomorphic flats,D015835,15841343
Caldicellulosiruptor,No Data ,23708551
 chemolithoautotrophic genus Acidithiobacillus,D056304,23708551
pressurization,D006973,15844013
alkaliphilic bacteria,C537702,20344941
alkaliphilic bacillus,D000881,11057913
No Data,,22260050
No Data,,17406782
alkaliphilic,No Data,16932842
No Data,,19779762
No Data,,24726350
thermoalkaliphile Anaerobranca gottschalkii,No Data,18957864
HBPC films,No Data,11747292
alkaliphilic,No Data,11778838
extremophilic proteins,D018455,7908011
alkaliphilic Bacillus YN-2000,D000881,9672682
archaeon Sulfolobus solfataricus,No Data,10741831
toxicity,D064420,17673945
